Member,Value,Direction,Domain,Phylum,Class,Order,Family,Genus,Species
20100900_E1D_10,-0.673287342,Insignificant,d__Bacteria,p__Acidobacteriota,c__Acidobacteriae,o__Acidobacteriales,f__Koribacteraceae,g__Bog-209,s__Bog-209 sp003162255
20110600_P1M_18,-0.547935064,Insignificant,d__Bacteria,p__Acidobacteriota,c__Acidobacteriae,o__Acidobacteriales,f__Acidobacteriaceae,g__Terracidiphilus,s__
20110600_P3S_13,0.471257895,Insignificant,d__Bacteria,p__Actinobacteriota,c__Thermoleophilia,o__Solirubrobacterales,f__Solirubrobacteraceae,g__Palsa-465,s__
20110600_P3S_4,1.422122717,High,d__Bacteria,p__Acidobacteriota,c__Acidobacteriae,o__UBA7541,f__UBA7541,g__UBA7541,s__UBA7541 sp003161195
20110600_P3S_5,0.537612405,Insignificant,d__Bacteria,p__Actinobacteriota,c__Thermoleophilia,o__Solirubrobacterales,f__Solirubrobacteraceae,g__Palsa-513,s__
20110600_S1D_11,-0.49565518,Insignificant,d__Bacteria,p__Verrucomicrobiota,c__Verrucomicrobiae,o__Pedosphaerales,f__Pedosphaeraceae,g__UBA11358,s__UBA11358 sp003134375
20110600_S1D_15,-0.427820459,Insignificant,d__Bacteria,p__Acidobacteriota,c__Acidobacteriae,o__Acidobacteriales,f__Acidobacteriaceae,g__Terracidiphilus,s__Terracidiphilus sp003165005
20110600_S1D_17,-0.371522943,Insignificant,d__Bacteria,p__Acidobacteriota,c__Acidobacteriae,o__Acidobacteriales,f__Acidobacteriaceae,g__Palsa-288,s__Palsa-288 sp003162875
20110600_S1M_11,-0.679053633,Insignificant,d__Bacteria,p__Acidobacteriota,c__Acidobacteriae,o__Acidobacteriales,f__Acidobacteriaceae,g__Terracidiphilus,s__
20110600_S1S_4,0.841332511,Insignificant,d__Bacteria,p__Acidobacteriota,c__Acidobacteriae,o__Bryobacterales,f__Bryobacteraceae,g__Bog-105,s__Bog-105 sp003169195
20110600_S3M_2,-0.339558077,Insignificant,d__Bacteria,p__Acidobacteriota,c__Acidobacteriae,o__Bryobacterales,f__Bryobacteraceae,g__Fen-178,s__
20110700_P1D_2,-0.579855962,Insignificant,d__Bacteria,p__Verrucomicrobiota,c__Verrucomicrobiae,o__Pedosphaerales,f__Pedosphaeraceae,g__UBA11358,s__
20110700_P1S_2,-0.55298827,Insignificant,d__Bacteria,p__Acidobacteriota,c__Acidobacteriae,o__Acidobacteriales,f__Acidobacteriaceae,g__Terracidiphilus,s__
20110700_P2D_11,-0.737682283,Insignificant,d__Bacteria,p__Acidobacteriota,c__Acidobacteriae,o__Acidobacteriales,f__Acidobacteriaceae,g__Terracidiphilus,s__Terracidiphilus sp003167305
20110700_P2D_26,-0.40962244,Insignificant,d__Bacteria,p__Actinobacteriota,c__Acidimicrobiia,o__Acidimicrobiales,f__RAAP-2,g__Bog-473,s__
20110700_P2D_9,-0.462153141,Insignificant,d__Bacteria,p__Acidobacteriota,c__Acidobacteriae,o__Bryobacterales,f__Bryobacteraceae,g__PALSA-129,s__PALSA-129 sp003167255
20110700_P2S_4,0.652920683,Insignificant,d__Bacteria,p__Acidobacteriota,c__Acidobacteriae,o__UBA7541,f__UBA7541,g__Palsa-295,s__Palsa-295 sp003131985
20110700_S2D_14,-0.140943534,Insignificant,d__Bacteria,p__Verrucomicrobiota,c__Verrucomicrobiae,o__Pedosphaerales,f__Pedosphaeraceae,g__,s__
20110700_S2D_6,0.850988736,Insignificant,d__Bacteria,p__Verrucomicrobiota,c__Verrucomicrobiae,o__Palsa-1439,f__Palsa-1439,g__Palsa-1439,s__Palsa-1439 sp003164675
20110700_S3M_11,-0.63496022,Insignificant,d__Bacteria,p__Acidobacteriota,c__Acidobacteriae,o__Acidobacteriales,f__Acidobacteriaceae,g__Terracidiphilus,s__Terracidiphilus sp003139795
20110700_S3M_12,-0.110332414,Insignificant,d__Bacteria,p__Acidobacteriota,c__Acidobacteriae,o__Acidobacteriales,f__Koribacteraceae,g__TOLSYN,s__
20110700_S3M_15,-0.183723819,Insignificant,d__Bacteria,p__Acidobacteriota,c__Acidobacteriae,o__Acidobacteriales,f__Koribacteraceae,g__Sulfotelmatobacter,s__Sulfotelmatobacter sp003165855
20110700_S3M_18,-0.169834525,Insignificant,d__Bacteria,p__Actinobacteriota,c__Actinomycetia,o__Streptosporangiales,f__Streptosporangiaceae,g__Bog-532,s__Bog-532 sp003164955
20110800_E2D_15,-0.316836979,Insignificant,d__Bacteria,p__Dormibacterota,c__Dormibacteria,o__UBA8260,f__UBA8260,g__UBA8260,s__UBA8260 sp003170875
20110800_E2D_31,0.991727876,Insignificant,d__Bacteria,p__Actinobacteriota,c__Thermoleophilia,o__UBA2241,f__UBA2241,g__Bog-752,s__Bog-752 sp003132645
20110800_E2S_1,2.805243778,Sig. High,d__Bacteria,p__Chloroflexota,c__Ellin6529,o__CSP1-4,f__CSP1-4,g__,s__
20110800_E3D_18,-0.424038918,Insignificant,d__Bacteria,p__Acidobacteriota,c__Acidobacteriae,o__Bryobacterales,f__Bryobacteraceae,g__PALSA-129,s__
20110800_E3D_19,0.451371303,Insignificant,d__Bacteria,p__Acidobacteriota,c__Acidobacteriae,o__UBA7540,f__UBA7540,g__,s__
20110800_E3D_9,-0.750677439,Insignificant,d__Bacteria,p__Actinobacteriota,c__Acidimicrobiia,o__Acidimicrobiales,f__Bog-793,g__Fen-455,s__Fen-455 sp003170375
20110800_E3M_2,2.979808532,Sig. High,d__Bacteria,p__Eisenbacteria,c__RBG-16-71-46,o__RBG-16-71-46,f__RBG-16-71-46,g__WS-2,s__
20110800_E3M_6,-0.370694707,Insignificant,d__Bacteria,p__Acidobacteriota,c__Acidobacteriae,o__Acidobacteriales,f__Koribacteraceae,g__FEN-335,s__FEN-335 sp003154055
20110800_P2D_9,0.306438627,Insignificant,d__Bacteria,p__Proteobacteria,c__Alphaproteobacteria,o__Rhizobiales,f__Xanthobacteraceae,g__Bradyrhizobium,s__
20110800_P3S_8,-0.199880804,Insignificant,d__Bacteria,p__Actinobacteriota,c__Actinomycetia,o__Streptosporangiales,f__Streptosporangiaceae,g__Palsa-504,s__Palsa-504 sp003140115
20110800_S1D_14,-0.617373145,Insignificant,d__Bacteria,p__Acidobacteriota,c__Acidobacteriae,o__Bryobacterales,f__Bryobacteraceae,g__Bog-159,s__Bog-159 sp003166475
20110800_S1D_5,-0.716715002,Insignificant,d__Bacteria,p__Actinobacteriota,c__Acidimicrobiia,o__Acidimicrobiales,f__Bog-793,g__Fen-455,s__Fen-455 sp003166375
20110800_S1M_17,-0.513169586,Insignificant,d__Bacteria,p__Actinobacteriota,c__Acidimicrobiia,o__Acidimicrobiales,f__RAAP-2,g__Bog-756,s__Bog-756 sp003138855
20110800_S1M_20,0.782813081,Insignificant,d__Bacteria,p__Acidobacteriota,c__Acidobacteriae,o__UBA7540,f__UBA7540,g__UBA7540,s__
20110800_S1M_32,-0.597024502,Insignificant,d__Bacteria,p__Actinobacteriota,c__Acidimicrobiia,o__Acidimicrobiales,f__RAAP-2,g__Bog-756,s__
20110800_S1M_8,-0.381663018,Insignificant,d__Bacteria,p__Acidobacteriota,c__Acidobacteriae,o__Acidobacteriales,f__Koribacteraceae,g__Sulfotelmatobacter,s__Sulfotelmatobacter sp003138975
20110800_S1S_1,-0.494915211,Insignificant,d__Bacteria,p__Actinobacteriota,c__Acidimicrobiia,o__Acidimicrobiales,f__RAAP-2,g__Bog-756,s__
20110800_S1S_12,-0.169911388,Insignificant,d__Bacteria,p__Acidobacteriota,c__Acidobacteriae,o__Acidobacteriales,f__Acidobacteriaceae,g__Granulicella,s__
20110800_S1S_13,-0.182024902,Insignificant,d__Bacteria,p__Verrucomicrobiota,c__Verrucomicrobiae,o__Pedosphaerales,f__Pedosphaeraceae,g__UBA11358,s__
20110800_S1S_18,-0.483328808,Insignificant,d__Bacteria,p__Verrucomicrobiota,c__Verrucomicrobiae,o__Pedosphaerales,f__Palsa-1400,g__,s__
20110800_S1S_3,-0.697939713,Insignificant,d__Bacteria,p__Actinobacteriota,c__Actinomycetia,o__Mycobacteriales,f__Mycobacteriaceae,g__Mycobacterium,s__
20110800_S1S_6,-0.122738434,Insignificant,d__Bacteria,p__Actinobacteriota,c__Acidimicrobiia,o__Acidimicrobiales,f__RAAP-2,g__RAAP-2,s__RAAP-2 sp003133075
20110800_S1S_8,-0.239073954,Insignificant,d__Bacteria,p__Eremiobacterota,c__Eremiobacteria,o__UBP12,f__UBA5184,g__BOG-1502,s__BOG-1502 sp003134035
20110800_S1S_9,-0.347589401,Insignificant,d__Bacteria,p__Actinobacteriota,c__Acidimicrobiia,o__Acidimicrobiales,f__RAAP-2,g__Bog-473,s__
20110800_S2M_3,-11.61134115,Sig. Low,d__Bacteria,p__Acidobacteriota,c__Acidobacteriae,o__Acidobacteriales,f__Acidobacteriaceae,g__Terracidiphilus,s__Terracidiphilus sp003138365
20110800_S2M_9,-0.63926207,Insignificant,d__Bacteria,p__Proteobacteria,c__Gammaproteobacteria,o__Steroidobacterales,f__Steroidobacteraceae,g__Bog-1198,s__Bog-1198 sp003164785
20110800_S3D_14,-0.561580492,Insignificant,d__Bacteria,p__Verrucomicrobiota,c__Verrucomicrobiae,o__Pedosphaerales,f__Palsa-1400,g__,s__
20110800_S3D_19,-0.453491737,Insignificant,d__Bacteria,p__Acidobacteriota,c__Acidobacteriae,o__Acidobacteriales,f__Koribacteraceae,g__Bog-209,s__Bog-209 sp003139095
20110800_S3D_28,-0.219977593,Insignificant,d__Bacteria,p__Acidobacteriota,c__Acidobacteriae,o__Bryobacterales,f__Bryobacteraceae,g__BOG-224,s__BOG-224 sp003139735
20110800_S3D_3,0.491255281,Insignificant,d__Bacteria,p__Actinobacteriota,c__Thermoleophilia,o__Solirubrobacterales,f__Solirubrobacteraceae,g__Palsa-513,s__Palsa-513 sp003138355
20110800_S3M_18,-0.738365569,Insignificant,d__Bacteria,p__Acidobacteriota,c__Acidobacteriae,o__Acidobacteriales,f__Acidobacteriaceae,g__Terracidiphilus,s__Terracidiphilus sp003165935
20110800_S3S_11,3.529892937,Sig. High,d__Bacteria,p__Bdellovibrionota,c__Oligoflexia,o__Oligoflexales,f__Bog-1112,g__BOG-1112,s__BOG-1112 sp003136475
20110800_S3S_12,0.244409338,Insignificant,d__Bacteria,p__Eremiobacterota,c__Eremiobacteria,o__UBP12,f__UBA5184,g__Bog-1492,s__Bog-1492 sp003136655
20110800_S3S_13,0.437487471,Insignificant,d__Bacteria,p__Proteobacteria,c__Gammaproteobacteria,o__Steroidobacterales,f__Steroidobacteraceae,g__,s__
20110800_S3S_2,1.876955606,High,d__Bacteria,p__Proteobacteria,c__Gammaproteobacteria,o__Burkholderiales,f__Burkholderiaceae,g__BOG-994,s__BOG-994 sp003136595
20110800_S3S_21,-0.325287815,Insignificant,d__Bacteria,p__Proteobacteria,c__Gammaproteobacteria,o__Steroidobacterales,f__Steroidobacteraceae,g__,s__
20110800_S3S_23,-0.539815453,Insignificant,d__Bacteria,p__Verrucomicrobiota,c__Verrucomicrobiae,o__Pedosphaerales,f__Pedosphaeraceae,g__UBA11358,s__
20110800_S3S_24,-0.029300369,Insignificant,d__Bacteria,p__Acidobacteriota,c__Acidobacteriae,o__Bryobacterales,f__Bryobacteraceae,g__BOG-234,s__BOG-234 sp003136575
20110800_S3S_25,-0.328061376,Insignificant,d__Bacteria,p__Acidobacteriota,c__Acidobacteriae,o__Acidobacteriales,f__Acidobacteriaceae,g__Terracidiphilus,s__
20110800_S3S_26,0.001678205,Insignificant,d__Bacteria,p__Acidobacteriota,c__Acidobacteriae,o__Acidobacteriales,f__Acidobacteriaceae,g__SBC82,s__
20110800_S3S_27,0.088758921,Insignificant,d__Bacteria,p__Acidobacteriota,c__Acidobacteriae,o__Bryobacterales,f__Bryobacteraceae,g__Bog-113,s__Bog-113 sp003136675
20110800_S3S_28,-0.132353624,Insignificant,d__Bacteria,p__Proteobacteria,c__Alphaproteobacteria,o__Acetobacterales,f__Acetobacteraceae,g__,s__
20110800_S3S_31,0.02751558,Insignificant,d__Bacteria,p__Acidobacteriota,c__Acidobacteriae,o__Acidobacteriales,f__Acidobacteriaceae,g__Granulicella,s__
20110800_S3S_33,-0.148108902,Insignificant,d__Bacteria,p__Proteobacteria,c__Alphaproteobacteria,o__Acetobacterales,f__Acetobacteraceae,g__Acidocella,s__Acidocella sp003137135
20110800_S3S_35,0.400113194,Insignificant,d__Bacteria,p__Actinobacteriota,c__Thermoleophilia,o__Solirubrobacterales,f__Solirubrobacteraceae,g__Palsa-465,s__Palsa-465 sp003137075
20110800_S3S_4,2.675292436,Sig. High,d__Bacteria,p__FCPU426,c__Palsa-1180,o__Palsa-1180,f__Palsa-1180,g__Bog-1183,s__Bog-1183 sp003136635
20110800_S3S_8,-0.328330125,Insignificant,d__Bacteria,p__Proteobacteria,c__Gammaproteobacteria,o__Steroidobacterales,f__Steroidobacteraceae,g__Bog-1198,s__
20110800_S3S_9,1.937700989,High,d__Bacteria,p__Verrucomicrobiota,c__Verrucomicrobiae,o__Chthoniobacterales,f__UBA6821,g__UBA6821,s__UBA6821 sp003136515
20111000_P2S_1,-0.301461133,Insignificant,d__Bacteria,p__Acidobacteriota,c__Acidobacteriae,o__Acidobacteriales,f__Koribacteraceae,g__Sulfotelmatobacter,s__Sulfotelmatobacter sp003134995
20111000_S1D_12,-0.579274783,Insignificant,d__Bacteria,p__Acidobacteriota,c__Acidobacteriae,o__Acidobacteriales,f__Koribacteraceae,g__Bog-257,s__Bog-257 sp003135315
20111000_S1D_14,-0.599251497,Insignificant,d__Bacteria,p__Actinobacteriota,c__Actinomycetia,o__Mycobacteriales,f__Mycobacteriaceae,g__Mycobacterium,s__
20111000_S1D_3,1.065899746,High,d__Bacteria,p__Actinobacteriota,c__Thermoleophilia,o__Solirubrobacterales,f__Solirubrobacteraceae,g__Palsa-744,s__
20111000_S1D_6,-0.643996371,Insignificant,d__Bacteria,p__Acidobacteriota,c__Acidobacteriae,o__Acidobacteriales,f__Koribacteraceae,g__Bog-209,s__Bog-209 sp003134435
20111000_S2M_4,-0.567306619,Insignificant,d__Bacteria,p__Proteobacteria,c__Gammaproteobacteria,o__Steroidobacterales,f__Steroidobacteraceae,g__Bog-1198,s__Bog-1198 sp003134045
20111000_S2S_6,2.185662082,Sig. High,d__Bacteria,p__Armatimonadota,c__BOG-944,o__Capsulimonadales,f__BOG-944,g__BOG-944,s__BOG-944 sp003134215
20111000_S2S_7,0.265249511,Insignificant,d__Bacteria,p__Acidobacteriota,c__Acidobacteriae,o__Bryobacterales,f__Bryobacteraceae,g__Bog-105,s__
20111000_S3M_6,-0.408115137,Insignificant,d__Bacteria,p__Proteobacteria,c__Gammaproteobacteria,o__Steroidobacterales,f__Steroidobacteraceae,g__Bog-1198,s__
20111000_S3S_10,-0.041941218,Insignificant,d__Bacteria,p__Acidobacteriota,c__Acidobacteriae,o__Acidobacteriales,f__Acidobacteriaceae,g__SBC82,s__
20111000_S3S_11,-0.565186321,Insignificant,d__Bacteria,p__Proteobacteria,c__Gammaproteobacteria,o__Steroidobacterales,f__Steroidobacteraceae,g__Bog-1198,s__
20111000_S3S_12,0.141905624,Insignificant,d__Bacteria,p__Proteobacteria,c__Alphaproteobacteria,o__Caulobacterales,f__Caulobacteraceae,g__Palsa-881,s__
20111000_S3S_4,-0.569818022,Insignificant,d__Bacteria,p__Proteobacteria,c__Gammaproteobacteria,o__Steroidobacterales,f__Steroidobacteraceae,g__Bog-1198,s__
20111000_S3S_5,0.02490992,Insignificant,d__Bacteria,p__Proteobacteria,c__Alphaproteobacteria,o__Acetobacterales,f__Acetobacteraceae,g__BOG-908,s__BOG-908 sp003133065
20111000_S3S_7,0.165603544,Insignificant,d__Bacteria,p__Eremiobacterota,c__Eremiobacteria,o__UBP12,f__UBA5184,g__Palsa-1515,s__
20111000_S3S_8,-0.110464557,Insignificant,d__Bacteria,p__Eremiobacterota,c__Eremiobacteria,o__UBP12,f__UBA5184,g__BOG-1502,s__
20111000_S3S_9,0.291257083,Insignificant,d__Bacteria,p__Proteobacteria,c__Alphaproteobacteria,o__Caulobacterales,f__Caulobacteraceae,g__Palsa-881,s__Palsa-881 sp003136615
20120500_P17_2,-0.74172287,Insignificant,d__Bacteria,p__Actinobacteriota,c__Acidimicrobiia,o__Acidimicrobiales,f__RAAP-2,g__RAAP-2,s__RAAP-2 sp003133685
20120500_P23_6,0.31618036,Insignificant,d__Bacteria,p__Actinobacteriota,c__Thermoleophilia,o__Solirubrobacterales,f__Solirubrobacteraceae,g__Palsa-513,s__Palsa-513 sp003132505
20120500_P26_1,-0.647999518,Insignificant,d__Bacteria,p__Acidobacteriota,c__Acidobacteriae,o__Acidobacteriales,f__Koribacteraceae,g__Bog-209,s__Bog-209 sp003132325
20120500_P26_12,-0.572169686,Insignificant,d__Bacteria,p__Verrucomicrobiota,c__Verrucomicrobiae,o__Pedosphaerales,f__Pedosphaeraceae,g__UBA11358,s__UBA11358 sp003161635
20120500_P26_8,-0.257787394,Insignificant,d__Bacteria,p__Dormibacterota,c__Dormibacteria,o__UBA8260,f__UBA8260,g__UBA8260,s__UBA8260 sp003153215
20120500_P28_11,-0.412452083,Insignificant,d__Bacteria,p__Acidobacteriota,c__Acidobacteriae,o__Acidobacteriales,f__Acidobacteriaceae,g__Palsa-288,s__Palsa-288 sp003132145
20120500_P32_6,-0.312289363,Insignificant,d__Bacteria,p__Acidobacteriota,c__Acidobacteriae,o__Acidobacteriales,f__Acidobacteriaceae,g__Palsa-343,s__Palsa-343 sp003131625
20120500_P34_3,-0.019175052,Insignificant,d__Bacteria,p__Eremiobacterota,c__Eremiobacteria,o__UBP12,f__UBA5184,g__Palsa-1478,s__Palsa-1478 sp003168375
20120500_P38_6,-0.650900795,Insignificant,d__Bacteria,p__Acidobacteriota,c__Acidobacteriae,o__Acidobacteriales,f__Koribacteraceae,g__Bog-209,s__Bog-209 sp003131315
20120600_E1D_19,-0.723907981,Insignificant,d__Bacteria,p__Acidobacteriota,c__Acidobacteriae,o__Acidobacteriales,f__Acidobacteriaceae,g__Terracidiphilus,s__
20120600_E1D_20,-0.340136144,Insignificant,d__Bacteria,p__Acidobacteriota,c__Acidobacteriae,o__Bryobacterales,f__Bryobacteraceae,g__Bog-375,s__
20120600_E1D_41,-0.661352004,Insignificant,d__Bacteria,p__Actinobacteriota,c__Acidimicrobiia,o__Acidimicrobiales,f__Palsa-688,g__Fen-671,s__Fen-671 sp003158835
20120600_E2D_21,0.4378127,Insignificant,d__Bacteria,p__Actinobacteriota,c__Thermoleophilia,o__Solirubrobacterales,f__Solirubrobacteraceae,g__Palsa-513,s__Palsa-513 sp003157595
20120600_E2D_28,-0.547784419,Insignificant,d__Bacteria,p__Actinobacteriota,c__Acidimicrobiia,o__Acidimicrobiales,f__Bog-793,g__Fen-455,s__
20120600_E3D_3,-0.51137191,Insignificant,d__Bacteria,p__Acidobacteriota,c__Acidobacteriae,o__Acidobacteriales,f__Acidobacteriaceae,g__Terracidiphilus,s__
20120600_P2M_9,-0.251062324,Insignificant,d__Bacteria,p__Actinobacteriota,c__Actinomycetia,o__Streptosporangiales,f__Streptosporangiaceae,g__Palsa-504,s__
20120600_P3M_9,0.132582877,Insignificant,d__Bacteria,p__Acidobacteriota,c__Acidobacteriae,o__Acidobacteriales,f__Acidobacteriaceae,g__PALSA-350,s__
20120600_P3S_2,0.268160359,Insignificant,d__Bacteria,p__Actinobacteriota,c__Acidimicrobiia,o__Acidimicrobiales,f__Palsa-688,g__PALSA-693,s__PALSA-693 sp003156595
20120600_S1D_1,-0.358790018,Insignificant,d__Bacteria,p__Acidobacteriota,c__Acidobacteriae,o__Acidobacteriales,f__Acidobacteriaceae,g__Terracidiphilus,s__Terracidiphilus sp003156495
20120600_S1D_7,-0.658852563,Insignificant,d__Bacteria,p__Acidobacteriota,c__Acidobacteriae,o__Acidobacteriales,f__Acidobacteriaceae,g__Terracidiphilus,s__Terracidiphilus sp003159355
20120600_S1S_4,-11.74707348,Sig. Low,d__Bacteria,p__Actinobacteriota,c__Acidimicrobiia,o__Acidimicrobiales,f__RAAP-2,g__RAAP-2,s__RAAP-2 sp003160115
20120600_S2D_17,-0.440789337,Insignificant,d__Bacteria,p__Actinobacteriota,c__Acidimicrobiia,o__Acidimicrobiales,f__RAAP-2,g__RAAP-2,s__RAAP-2 sp003141095
20120600_S2D_6,-0.531380408,Insignificant,d__Bacteria,p__Acidobacteriota,c__Acidobacteriae,o__Acidobacteriales,f__Acidobacteriaceae,g__Terracidiphilus,s__
20120600_S2M_11,-0.116375114,Insignificant,d__Bacteria,p__Eremiobacterota,c__Eremiobacteria,o__UBP12,f__UBA5184,g__BOG-1502,s__
20120600_S2M_9,-0.696222592,Insignificant,d__Bacteria,p__Actinobacteriota,c__Acidimicrobiia,o__Acidimicrobiales,f__RAAP-2,g__Bog-756,s__Bog-756 sp003157945
20120600_S3D_1,-11.72303253,Sig. Low,d__Bacteria,p__Actinobacteriota,c__Acidimicrobiia,o__Acidimicrobiales,f__RAAP-2,g__Bog-515,s__Bog-515 sp003155135
20120600_S3D_7,-11.5909229,Sig. Low,d__Bacteria,p__Actinobacteriota,c__Acidimicrobiia,o__Acidimicrobiales,f__RAAP-2,g__RAAP-2,s__RAAP-2 sp003155915
20120600_S3M_3,-11.72974634,Sig. Low,d__Bacteria,p__Acidobacteriota,c__Acidobacteriae,o__Acidobacteriales,f__Koribacteraceae,g__Bog-209,s__Bog-209 sp003162935
20120700_P1D_3,-0.565299263,Insignificant,d__Bacteria,p__Acidobacteriota,c__Acidobacteriae,o__Acidobacteriales,f__Koribacteraceae,g__Bog-257,s__Bog-257 sp003152695
20120700_P1D_9,-0.529015195,Insignificant,d__Bacteria,p__Acidobacteriota,c__Acidobacteriae,o__Acidobacteriales,f__Acidobacteriaceae,g__Terracidiphilus,s__
20120700_P2D_11,0.120973717,Insignificant,d__Bacteria,p__Proteobacteria,c__Alphaproteobacteria,o__Rhizobiales,f__Xanthobacteraceae,g__Pseudolabrys,s__Pseudolabrys sp003152455
20120700_P2M_5,0.825612951,Insignificant,d__Bacteria,p__Acidobacteriota,c__Acidobacteriae,o__UBA7541,f__UBA7541,g__Palsa-147,s__Palsa-147 sp003152355
20120700_P3D_101,-0.221014431,Insignificant,d__Bacteria,p__Acidobacteriota,c__Acidobacteriae,o__Bryobacterales,f__Bryobacteraceae,g__,s__
20120700_P3D_102,-0.383826396,Insignificant,d__Bacteria,p__Acidobacteriota,c__Acidobacteriae,o__Bryobacterales,f__Bryobacteraceae,g__Fen-178,s__Fen-178 sp003170915
20120700_P3D_12,0.56887474,Insignificant,d__Bacteria,p__Acidobacteriota,c__Acidobacteriae,o__UBA7540,f__UBA7540,g__,s__
20120700_P3D_142,0.577366426,Insignificant,d__Bacteria,p__Acidobacteriota,c__Acidobacteriae,o__UBA7540,f__UBA7540,g__Bog-366,s__
20120700_P3D_148,-0.822228166,Insignificant,d__Bacteria,p__Proteobacteria,c__Alphaproteobacteria,o__Rhizobiales,f__Beijerinckiaceae,g__Methylocystis,s__Methylocystis sp003152255
20120700_P3D_24,2.396379364,Sig. High,d__Bacteria,p__Desulfobacterota,c__Desulfuromonadia,o__Geobacterales,f__Pseudopelobacteraceae,g__Pseudopelobacter,s__Pseudopelobacter sp003151775
20120700_P3D_35,-0.095459499,Insignificant,d__Bacteria,p__Acidobacteriota,c__Acidobacteriae,o__Acidobacteriales,f__Koribacteraceae,g__PALSA-270,s__
20120700_P3D_61,-0.53128342,Insignificant,d__Bacteria,p__Acidobacteriota,c__Acidobacteriae,o__Acidobacteriales,f__Koribacteraceae,g__Bog-257,s__Bog-257 sp003151335
20120700_P3D_83,2.673383662,Sig. High,d__Bacteria,p__Myxococcota,c__Polyangia,o__Polyangiales,f__Polyangiaceae,g__,s__
20120700_P3D_87,-0.373169074,Insignificant,d__Bacteria,p__Proteobacteria,c__Alphaproteobacteria,o__Rhizobiales,f__Xanthobacteraceae,g__BOG-931,s__
20120700_P3S_1,-0.205644502,Insignificant,d__Bacteria,p__Proteobacteria,c__Alphaproteobacteria,o__Rhizobiales,f__Beijerinckiaceae,g__Roseiarcus,s__Roseiarcus sp003164825
20120700_S1D_102,-0.313639625,Insignificant,d__Bacteria,p__Acidobacteriota,c__Acidobacteriae,o__Bryobacterales,f__Bryobacteraceae,g__Solibacter,s__
20120700_S1D_103,2.348732879,Sig. High,d__Bacteria,p__Planctomycetota,c__Planctomycetes,o__Pirellulales,f__UBA11386,g__,s__
20120700_S1D_104,-0.655784636,Insignificant,d__Bacteria,p__Acidobacteriota,c__Acidobacteriae,o__Acidobacteriales,f__Acidobacteriaceae,g__Terracidiphilus,s__
20120700_S1D_106,-0.216664257,Insignificant,d__Bacteria,p__Proteobacteria,c__Alphaproteobacteria,o__Rhizobiales,f__Beijerinckiaceae,g__Methylocella,s__
20120700_S1D_107,3.114498102,Sig. High,d__Bacteria,p__Fibrobacterota,c__Chitinivibrionia,o__Chitinivibrionales,f__Chitinispirillaceae,g__BOG-1184,s__BOG-1184 sp003164335
20120700_S1D_108,-0.533075117,Insignificant,d__Bacteria,p__Verrucomicrobiota,c__Verrucomicrobiae,o__Pedosphaerales,f__Pedosphaeraceae,g__UBA11358,s__
20120700_S1D_113,0.082706815,Insignificant,d__Bacteria,p__Verrucomicrobiota,c__Verrucomicrobiae,o__Pedosphaerales,f__Pedosphaeraceae,g__Pedosphaera,s__
20120700_S1D_114,-0.465222713,Insignificant,d__Bacteria,p__Acidobacteriota,c__Acidobacteriae,o__Acidobacteriales,f__Acidobacteriaceae,g__Terracidiphilus,s__Terracidiphilus sp003165075
20120700_S1D_115,-0.743447573,Insignificant,d__Bacteria,p__Actinobacteriota,c__Acidimicrobiia,o__Acidimicrobiales,f__Palsa-688,g__Fen-671,s__
20120700_S1D_13,0.826298066,Insignificant,d__Bacteria,p__Acidobacteriota,c__Acidobacteriae,o__UBA7540,f__UBA7540,g__Bog-366,s__Bog-366 sp003165615
20120700_S1D_19,-0.616283198,Insignificant,d__Bacteria,p__Acidobacteriota,c__Acidobacteriae,o__Bryobacterales,f__Bryobacteraceae,g__,s__
20120700_S1D_20,1.135647766,High,d__Bacteria,p__Proteobacteria,c__Alphaproteobacteria,o__Azospirillales_A,f__BOG-932,g__BOG-932,s__BOG-932 sp003165335
20120700_S1D_21,-0.455206549,Insignificant,d__Bacteria,p__Acidobacteriota,c__Acidobacteriae,o__Acidobacteriales,f__Koribacteraceae,g__Bog-209,s__
20120700_S1D_24,3.293068962,Sig. High,d__Bacteria,p__Planctomycetota,c__Planctomycetes,o__Pirellulales,f__UBA11386,g__,s__
20120700_S1D_25,2.831770708,Sig. High,d__Bacteria,p__Acidobacteriota,c__Holophagae,o__Holophagales,f__Holophagaceae,g__Holophaga,s__Holophaga sp003165415
20120700_S1D_26,1.991136384,High,d__Bacteria,p__Planctomycetota,c__Planctomycetes,o__Pirellulales,f__,g__,s__
20120700_S1D_27,-0.078518824,Insignificant,d__Bacteria,p__Proteobacteria,c__Alphaproteobacteria,o__Rhizobiales,f__Beijerinckiaceae,g__Roseiarcus,s__Roseiarcus sp003164915
20120700_S1D_28,2.302313289,Sig. High,d__Bacteria,p__Armatimonadota,c__SYMT01,o__,f__,g__,s__
20120700_S1D_29,-0.507278629,Insignificant,d__Bacteria,p__Verrucomicrobiota,c__Verrucomicrobiae,o__Pedosphaerales,f__Palsa-1400,g__,s__
20120700_S1D_30,3.083851089,Sig. High,d__Bacteria,p__Planctomycetota,c__Phycisphaerae,o__SM23-33,f__SM23-33,g__,s__
20120700_S1D_31,-0.259604457,Insignificant,d__Bacteria,p__Proteobacteria,c__Alphaproteobacteria,o__Rhizobiales,f__Beijerinckiaceae,g__Rhodoblastus,s__
20120700_S1D_33,0.013393658,Insignificant,d__Bacteria,p__Acidobacteriota,c__Acidobacteriae,o__Bryobacterales,f__Bryobacteraceae,g__BOG-234,s__
20120700_S1D_35,2.478533228,Sig. High,d__Bacteria,p__Proteobacteria,c__Gammaproteobacteria,o__UBA6186,f__UBA6186,g__UBA6186,s__
20120700_S1D_39,2.359583348,Sig. High,d__Bacteria,p__Planctomycetota,c__Planctomycetes,o__Pirellulales,f__,g__,s__
20120700_S1D_41,-0.215665,Insignificant,d__Bacteria,p__Acidobacteriota,c__Acidobacteriae,o__Acidobacteriales,f__Koribacteraceae,g__TOLSYN,s__
20120700_S1D_43,-0.73060465,Insignificant,d__Bacteria,p__Actinobacteriota,c__Actinomycetia,o__Mycobacteriales,f__Mycobacteriaceae,g__Mycobacterium,s__Mycobacterium sp003165155
20120700_S1D_45,-0.495196492,Insignificant,d__Bacteria,p__Proteobacteria,c__Gammaproteobacteria,o__Steroidobacterales,f__Steroidobacteraceae,g__Bog-1198,s__
20120700_S1D_46,-0.597140165,Insignificant,d__Bacteria,p__Acidobacteriota,c__Acidobacteriae,o__Bryobacterales,f__Bryobacteraceae,g__Bog-159,s__
20120700_S1D_48,1.305850661,High,d__Bacteria,p__Acidobacteriota,c__Acidobacteriae,o__UBA7540,f__UBA7540,g__Bog-366,s__Bog-366 sp003165315
20120700_S1D_49,-0.556484109,Insignificant,d__Bacteria,p__Verrucomicrobiota,c__Verrucomicrobiae,o__Pedosphaerales,f__Pedosphaeraceae,g__UBA11358,s__
20120700_S1D_5,-0.043424953,Insignificant,d__Bacteria,p__Acidobacteriota,c__Acidobacteriae,o__Bryobacterales,f__Bryobacteraceae,g__BOG-234,s__
20120700_S1D_51,-0.232160744,Insignificant,d__Bacteria,p__Acidobacteriota,c__Acidobacteriae,o__Acidobacteriales,f__Acidobacteriaceae,g__Palsa-288,s__
20120700_S1D_52,-0.126776483,Insignificant,d__Bacteria,p__Proteobacteria,c__Alphaproteobacteria,o__Acetobacterales,f__Acetobacteraceae,g__Acidocella,s__Acidocella sp003164135
20120700_S1D_55,-0.22460747,Insignificant,d__Bacteria,p__Acidobacteriota,c__Acidobacteriae,o__Bryobacterales,f__Bryobacteraceae,g__Bog-375,s__Bog-375 sp003164035
20120700_S1D_57,-0.539299367,Insignificant,d__Bacteria,p__Acidobacteriota,c__Acidobacteriae,o__Acidobacteriales,f__Acidobacteriaceae,g__Terracidiphilus,s__
20120700_S1D_6,0.080598769,Insignificant,d__Bacteria,p__Proteobacteria,c__Alphaproteobacteria,o__Rhizobiales,f__Beijerinckiaceae,g__Rhodoblastus,s__
20120700_S1D_60,-0.699295635,Insignificant,d__Bacteria,p__Acidobacteriota,c__Acidobacteriae,o__Bryobacterales,f__Bryobacteraceae,g__,s__
20120700_S1D_61,-0.022622592,Insignificant,d__Bacteria,p__Verrucomicrobiota,c__Verrucomicrobiae,o__Pedosphaerales,f__Pedosphaeraceae,g__PALSA-1440,s__
20120700_S1D_63,-0.16232443,Insignificant,d__Bacteria,p__Acidobacteriota,c__Acidobacteriae,o__Acidobacteriales,f__Koribacteraceae,g__TOLSYN,s__
20120700_S1D_64,-0.39587031,Insignificant,d__Bacteria,p__Acidobacteriota,c__Acidobacteriae,o__Acidobacteriales,f__Acidobacteriaceae,g__Terracidiphilus,s__
20120700_S1D_66,-0.49156131,Insignificant,d__Bacteria,p__Actinobacteriota,c__Acidimicrobiia,o__Acidimicrobiales,f__RAAP-2,g__Bog-756,s__Bog-756 sp003164275
20120700_S1D_67,-0.489617882,Insignificant,d__Bacteria,p__Verrucomicrobiota,c__Verrucomicrobiae,o__Pedosphaerales,f__Pedosphaeraceae,g__UBA11358,s__
20120700_S1D_69,-0.643664818,Insignificant,d__Bacteria,p__Eremiobacterota,c__Eremiobacteria,o__UBP12,f__UBA5184,g__Bog-1524,s__
20120700_S1D_73,2.939628106,Sig. High,d__Bacteria,p__Planctomycetota,c__Brocadiae,o__,f__,g__,s__
20120700_S1D_76,-11.66599176,Sig. Low,d__Bacteria,p__Acidobacteriota,c__Acidobacteriae,o__Acidobacteriales,f__Koribacteraceae,g__Bog-257,s__Bog-257 sp003165795
20120700_S1D_77,-0.418812909,Insignificant,d__Bacteria,p__Verrucomicrobiota,c__Verrucomicrobiae,o__Pedosphaerales,f__Pedosphaeraceae,g__UBA11358,s__
20120700_S1D_79,-0.256522104,Insignificant,d__Bacteria,p__Acidobacteriota,c__Acidobacteriae,o__Acidobacteriales,f__Koribacteraceae,g__TOLSYN,s__
20120700_S1D_84,0.294940644,Insignificant,d__Bacteria,p__Proteobacteria,c__Alphaproteobacteria,o__Caulobacterales,f__Caulobacteraceae,g__BOG-938,s__BOG-938 sp003164925
20120700_S1D_85,-0.455127778,Insignificant,d__Bacteria,p__Verrucomicrobiota,c__Verrucomicrobiae,o__Pedosphaerales,f__Pedosphaeraceae,g__UBA11358,s__
20120700_S1D_86,-0.168800916,Insignificant,d__Bacteria,p__Acidobacteriota,c__Acidobacteriae,o__Acidobacteriales,f__Koribacteraceae,g__,s__
20120700_S1D_87,-0.301242153,Insignificant,d__Bacteria,p__Proteobacteria,c__Alphaproteobacteria,o__Rhizobiales,f__Xanthobacteraceae,g__BOG-931,s__BOG-931 sp003164375
20120700_S1D_89,-0.367380094,Insignificant,d__Bacteria,p__Verrucomicrobiota,c__Verrucomicrobiae,o__Pedosphaerales,f__Palsa-1400,g__,s__
20120700_S1D_9,-0.442694833,Insignificant,d__Bacteria,p__Verrucomicrobiota,c__Verrucomicrobiae,o__Pedosphaerales,f__Pedosphaeraceae,g__UBA11358,s__
20120700_S1D_90,-0.226481717,Insignificant,d__Bacteria,p__Verrucomicrobiota,c__Verrucomicrobiae,o__Pedosphaerales,f__Pedosphaeraceae,g__UBA11358,s__
20120700_S1D_95,-0.044506335,Insignificant,d__Bacteria,p__Proteobacteria,c__Alphaproteobacteria,o__Acetobacterales,f__Acetobacteraceae,g__BOG-934,s__BOG-934 sp003164305
20120700_S1D_96,-0.440809582,Insignificant,d__Bacteria,p__Actinobacteriota,c__Acidimicrobiia,o__Acidimicrobiales,f__RAAP-2,g__RAAP-2,s__
20120700_S1D_97,2.769450927,Sig. High,d__Bacteria,p__Desulfobacterota,c__Syntrophobacteria,o__Syntrophobacterales,f__Syntrophobacteraceae,g__SbD1,s__SbD1 sp003165235
20120700_S1D_98,-0.212965985,Insignificant,d__Bacteria,p__Verrucomicrobiota,c__Verrucomicrobiae,o__Pedosphaerales,f__Palsa-1400,g__,s__
20120700_S1S_1,0.235486139,Insignificant,d__Bacteria,p__Eremiobacterota,c__Eremiobacteria,o__UBP12,f__UBA5184,g__Bog-1492,s__
20120700_S1S_11,-0.454283656,Insignificant,d__Bacteria,p__Actinobacteriota,c__Acidimicrobiia,o__Acidimicrobiales,f__RAAP-2,g__RAAP-2,s__RAAP-2 sp003163875
20120700_S1S_3,-0.34312284,Insignificant,d__Bacteria,p__Actinobacteriota,c__Acidimicrobiia,o__Acidimicrobiales,f__RAAP-2,g__RAAP-2,s__RAAP-2 sp003136495
20120700_S1S_6,0.361701863,Insignificant,d__Bacteria,p__Acidobacteriota,c__Acidobacteriae,o__Bryobacterales,f__Bryobacteraceae,g__Bog-105,s__Bog-105 sp003163855
20120700_S1X_12,-0.576365383,Insignificant,d__Bacteria,p__Acidobacteriota,c__Acidobacteriae,o__Acidobacteriales,f__Koribacteraceae,g__Bog-257,s__Bog-257 sp003160215
20120700_S1X_15,-0.270610894,Insignificant,d__Bacteria,p__Acidobacteriota,c__Acidobacteriae,o__Bryobacterales,f__Bryobacteraceae,g__Fen-178,s__
20120700_S1X_2,-0.621335191,Insignificant,d__Bacteria,p__Actinobacteriota,c__Acidimicrobiia,o__Acidimicrobiales,f__Bog-793,g__Fen-455,s__Fen-455 sp003139355
20120700_S2X_13,-0.143368657,Insignificant,d__Bacteria,p__Verrucomicrobiota,c__Verrucomicrobiae,o__Pedosphaerales,f__Pedosphaeraceae,g__BOG-1460,s__BOG-1460 sp003159675
20120700_S3D_8,4.635327895,Sig. High,d__Bacteria,p__Patescibacteria,c__Paceibacteria,o__UBA9983,f__GWA1-40-21,g__Bog-1340,s__Bog-1340 sp003142075
20120700_S3X_18,0.401095023,Insignificant,d__Bacteria,p__Actinobacteriota,c__Acidimicrobiia,o__Acidimicrobiales,f__Bog-793,g__Bog-793,s__Bog-793 sp003159795
20120700_S3X_22,-0.422996674,Insignificant,d__Bacteria,p__Actinobacteriota,c__Acidimicrobiia,o__Acidimicrobiales,f__RAAP-2,g__RAAP-2,s__RAAP-2 sp003142095
20120700_S3X_7,-0.505657679,Insignificant,d__Bacteria,p__Acidobacteriota,c__Acidobacteriae,o__Acidobacteriales,f__Acidobacteriaceae,g__Terracidiphilus,s__Terracidiphilus sp003166055
20120800_E1D_14,-11.63066305,Sig. Low,d__Bacteria,p__Acidobacteriota,c__Acidobacteriae,o__Acidobacteriales,f__Acidobacteriaceae,g__Terracidiphilus,s__Terracidiphilus sp003142015
20120800_E1D_18,-0.666365286,Insignificant,d__Bacteria,p__Acidobacteriota,c__Acidobacteriae,o__Acidobacteriales,f__Acidobacteriaceae,g__Terracidiphilus,s__Terracidiphilus sp003142935
20120800_E1D_21,-0.139847962,Insignificant,d__Bacteria,p__Verrucomicrobiota,c__Verrucomicrobiae,o__Pedosphaerales,f__Pedosphaeraceae,g__PALSA-1440,s__
20120800_E1D_7,-0.437252304,Insignificant,d__Bacteria,p__Verrucomicrobiota,c__Verrucomicrobiae,o__Pedosphaerales,f__Pedosphaeraceae,g__UBA11358,s__
20120800_E1D_8,-0.605833288,Insignificant,d__Bacteria,p__Verrucomicrobiota,c__Verrucomicrobiae,o__Pedosphaerales,f__Pedosphaeraceae,g__UBA11358,s__
20120800_E3S_6,-0.365397967,Insignificant,d__Bacteria,p__Acidobacteriota,c__Acidobacteriae,o__Bryobacterales,f__Bryobacteraceae,g__Fen-178,s__Fen-178 sp003142355
20120800_E3X_27,-0.650520884,Insignificant,d__Bacteria,p__Acidobacteriota,c__Acidobacteriae,o__Acidobacteriales,f__Acidobacteriaceae,g__Terracidiphilus,s__Terracidiphilus sp003170825
20120800_P1D_1,-0.449246192,Insignificant,d__Bacteria,p__Acidobacteriota,c__Acidobacteriae,o__Acidobacteriales,f__Acidobacteriaceae,g__Terracidiphilus,s__Terracidiphilus sp003140785
20120800_S3X_7,-0.234804741,Insignificant,d__Bacteria,p__Acidobacteriota,c__Acidobacteriae,o__Acidobacteriales,f__Acidobacteriaceae,g__Granulicella_A,s__Granulicella_A sp003138795
20130700_C1Y_13,-0.334686367,Insignificant,d__Bacteria,p__Acidobacteriota,c__Acidobacteriae,o__Bryobacterales,f__Bryobacteraceae,g__BOG-224,s__
20130700_C2D_3,-0.524230262,Insignificant,d__Bacteria,p__Acidobacteriota,c__Acidobacteriae,o__Acidobacteriales,f__Acidobacteriaceae,g__Terracidiphilus,s__
20130700_C2M_2,0.209462766,Insignificant,d__Bacteria,p__Actinobacteriota,c__Actinomycetia,o__Streptosporangiales,f__Streptosporangiaceae,g__Bog-532,s__
20130700_C2M_5,-0.259576755,Insignificant,d__Bacteria,p__Acidobacteriota,c__Acidobacteriae,o__Bryobacterales,f__Bryobacteraceae,g__Bog-375,s__
20130700_C2M_9,-0.441632966,Insignificant,d__Bacteria,p__Acidobacteriota,c__Acidobacteriae,o__Bryobacterales,f__Bryobacteraceae,g__Fen-178,s__
20130700_C2X_13,0.225590738,Insignificant,d__Bacteria,p__Dormibacterota,c__Dormibacteria,o__UBA8260,f__UBA8260,g__UBA8260,s__UBA8260 sp003142035
20130700_C2Y_2,-0.535212843,Insignificant,d__Bacteria,p__Acidobacteriota,c__Acidobacteriae,o__Acidobacteriales,f__Acidobacteriaceae,g__Terracidiphilus,s__
20130700_E2Y_10,-0.623671888,Insignificant,d__Bacteria,p__Acidobacteriota,c__Acidobacteriae,o__Acidobacteriales,f__Acidobacteriaceae,g__Terracidiphilus,s__
20130700_P1Y_10,1.309628529,High,d__Bacteria,p__Verrucomicrobiota,c__Verrucomicrobiae,o__Palsa-1439,f__Palsa-1439,g__Palsa-1439,s__
20130700_S1X_7,0.037130065,Insignificant,d__Bacteria,p__Proteobacteria,c__Alphaproteobacteria,o__Rhizobiales,f__Beijerinckiaceae,g__Methylocella,s__Methylocella sp003162995
20130700_S1Z_5,-0.609864527,Insignificant,d__Bacteria,p__Acidobacteriota,c__Acidobacteriae,o__Acidobacteriales,f__Acidobacteriaceae,g__Terracidiphilus,s__
20130700_S2D_2,-0.61305278,Insignificant,d__Bacteria,p__Acidobacteriota,c__Acidobacteriae,o__Acidobacteriales,f__Acidobacteriaceae,g__Terracidiphilus,s__
20130700_S2M_1,-0.515774592,Insignificant,d__Bacteria,p__Acidobacteriota,c__Acidobacteriae,o__Acidobacteriales,f__Acidobacteriaceae,g__Terracidiphilus,s__
20130700_S2S_12,-0.213591283,Insignificant,d__Bacteria,p__Acidobacteriota,c__Acidobacteriae,o__Acidobacteriales,f__Acidobacteriaceae,g__Granulicella_A,s__
20130700_S2S_8,-0.003172501,Insignificant,d__Bacteria,p__Actinobacteriota,c__Acidimicrobiia,o__Acidimicrobiales,f__RAAP-2,g__RAAP-2,s__RAAP-2 sp003138895
20130700_S2Y_8,-0.57292778,Insignificant,d__Bacteria,p__Verrucomicrobiota,c__Verrucomicrobiae,o__Pedosphaerales,f__Pedosphaeraceae,g__UBA11358,s__
20130700_S3M_11,-0.078411438,Insignificant,d__Bacteria,p__Actinobacteriota,c__Actinomycetia,o__Streptosporangiales,f__Streptosporangiaceae,g__Palsa-504,s__
20130700_S3M_3,-0.554830866,Insignificant,d__Bacteria,p__Acidobacteriota,c__Acidobacteriae,o__Acidobacteriales,f__Acidobacteriaceae,g__Terracidiphilus,s__
20130700_S3M_8,-0.43858002,Insignificant,d__Bacteria,p__Actinobacteriota,c__Acidimicrobiia,o__Acidimicrobiales,f__RAAP-2,g__RAAP-2,s__
20130700_S3Z_1,-0.358873239,Insignificant,d__Bacteria,p__Acidobacteriota,c__Acidobacteriae,o__Acidobacteriales,f__Koribacteraceae,g__Sulfotelmatobacter,s__
20130700_S3Z_17,-0.583422875,Insignificant,d__Bacteria,p__Actinobacteriota,c__Acidimicrobiia,o__Acidimicrobiales,f__RAAP-2,g__RAAP-2,s__
20140700_E14_11,-11.52981359,Sig. Low,d__Bacteria,p__Actinobacteriota,c__Acidimicrobiia,o__Acidimicrobiales,f__Bog-793,g__Fen-455,s__Fen-455 sp003140595
20140700_E22_12,0.080716996,Insignificant,d__Bacteria,p__Dormibacterota,c__Dormibacteria,o__UBA8260,f__UBA8260,g__UBA8260,s__UBA8260 sp003135255
20140700_S11_11,-0.776452667,Insignificant,d__Bacteria,p__Acidobacteriota,c__Acidobacteriae,o__Acidobacteriales,f__Acidobacteriaceae,g__Terracidiphilus,s__
20140700_S11_15,-0.580399948,Insignificant,d__Bacteria,p__Acidobacteriota,c__Acidobacteriae,o__Acidobacteriales,f__Acidobacteriaceae,g__Terracidiphilus,s__
20140700_S11_5,-11.76336123,Sig. Low,d__Bacteria,p__Actinobacteriota,c__Acidimicrobiia,o__Acidimicrobiales,f__RAAP-2,g__RAAP-2,s__RAAP-2 sp003133125
20140700_S11_6,-0.561680688,Insignificant,d__Bacteria,p__Acidobacteriota,c__Acidobacteriae,o__Acidobacteriales,f__Acidobacteriaceae,g__Terracidiphilus,s__
20140700_S11_7,0.612985205,Insignificant,d__Bacteria,p__Eremiobacterota,c__Eremiobacteria,o__UBP12,f__UBA5184,g__Bog-1527,s__Bog-1527 sp003155175
20140700_S12_11,0.231696167,Insignificant,d__Bacteria,p__Acidobacteriota,c__Acidobacteriae,o__Bryobacterales,f__Bryobacteraceae,g__,s__
20140700_S12_15,-11.59325536,Sig. Low,d__Bacteria,p__Proteobacteria,c__Alphaproteobacteria,o__Rhizobiales,f__Beijerinckiaceae,g__Methylocystis,s__Methylocystis sp003134075
20140700_S15_2,-0.41079656,Insignificant,d__Bacteria,p__Actinobacteriota,c__Acidimicrobiia,o__Acidimicrobiales,f__RAAP-2,g__RAAP-2,s__RAAP-2 sp003138815
20140700_S16_1,-0.533657683,Insignificant,d__Bacteria,p__Acidobacteriota,c__Acidobacteriae,o__Acidobacteriales,f__Acidobacteriaceae,g__Terracidiphilus,s__
20140700_S16_20,-0.658047957,Insignificant,d__Bacteria,p__Acidobacteriota,c__Acidobacteriae,o__Acidobacteriales,f__Acidobacteriaceae,g__Terracidiphilus,s__
20140700_S21_12,-0.667527958,Insignificant,d__Bacteria,p__Acidobacteriota,c__Acidobacteriae,o__Acidobacteriales,f__Acidobacteriaceae,g__Terracidiphilus,s__
20140700_S21_13,-0.396606592,Insignificant,d__Bacteria,p__Verrucomicrobiota,c__Verrucomicrobiae,o__Pedosphaerales,f__Pedosphaeraceae,g__UBA11358,s__
20140700_S21_14,-0.133275536,Insignificant,d__Bacteria,p__Acidobacteriota,c__Acidobacteriae,o__Acidobacteriales,f__Koribacteraceae,g__Sulfotelmatobacter,s__
20140700_S21_17,-0.70366725,Insignificant,d__Bacteria,p__Eremiobacterota,c__Eremiobacteria,o__UBP12,f__UBA5184,g__Bog-1524,s__Bog-1524 sp003164045
20140700_S21_18,0.233691479,Insignificant,d__Bacteria,p__Acidobacteriota,c__Acidobacteriae,o__Acidobacteriales,f__Acidobacteriaceae,g__Palsa-343,s__
20140700_S21_3,-0.438274636,Insignificant,d__Bacteria,p__Actinobacteriota,c__Acidimicrobiia,o__Acidimicrobiales,f__RAAP-2,g__RAAP-2,s__
20140700_S21_6,-0.455277609,Insignificant,d__Bacteria,p__Proteobacteria,c__Alphaproteobacteria,o__Rhizobiales,f__Xanthobacteraceae,g__BOG-931,s__
20140700_S22_6,-0.531604096,Insignificant,d__Bacteria,p__Acidobacteriota,c__Acidobacteriae,o__Bryobacterales,f__Bryobacteraceae,g__Bog-159,s__
20140700_S22_7,-0.324921766,Insignificant,d__Bacteria,p__Verrucomicrobiota,c__Verrucomicrobiae,o__Pedosphaerales,f__Pedosphaeraceae,g__UBA11358,s__UBA11358 sp003133815
20140700_S31_11,-0.448673216,Insignificant,d__Bacteria,p__Proteobacteria,c__Gammaproteobacteria,o__Steroidobacterales,f__Steroidobacteraceae,g__Bog-1198,s__
20140700_S31_3,1.346384112,High,d__Bacteria,p__Acidobacteriota,c__Acidobacteriae,o__UBA7541,f__UBA7541,g__Palsa-295,s__
20140700_S31_6,-0.671580074,Insignificant,d__Bacteria,p__Actinobacteriota,c__Acidimicrobiia,o__Acidimicrobiales,f__RAAP-2,g__RAAP-2,s__
20140700_S31_9,0.418844827,Insignificant,d__Bacteria,p__Actinobacteriota,c__Thermoleophilia,o__Solirubrobacterales,f__Solirubrobacteraceae,g__Palsa-513,s__
20140700_S32_12,-0.478073353,Insignificant,d__Bacteria,p__Acidobacteriota,c__Acidobacteriae,o__Acidobacteriales,f__Acidobacteriaceae,g__Terracidiphilus,s__
20140700_S33_15,0.384679997,Insignificant,d__Bacteria,p__Proteobacteria,c__Gammaproteobacteria,o__Steroidobacterales,f__Steroidobacteraceae,g__FEN-1191,s__
20140700_S33_2,-0.005814138,Insignificant,d__Bacteria,p__Actinobacteriota,c__Thermoleophilia,o__Solirubrobacterales,f__Solirubrobacteraceae,g__Palsa-744,s__
20140700_S36_11,2.663926179,Sig. High,d__Bacteria,p__Goldbacteria,c__PGYV01,o__PGYV01,f__Palsa-1178,g__Bog-1181,s__Bog-1181 sp003159495
20150700_E14_10,-0.632440221,Insignificant,d__Bacteria,p__Acidobacteriota,c__Acidobacteriae,o__Acidobacteriales,f__Acidobacteriaceae,g__Terracidiphilus,s__
20150700_E14_13,-0.533333884,Insignificant,d__Bacteria,p__Verrucomicrobiota,c__Verrucomicrobiae,o__Pedosphaerales,f__Pedosphaeraceae,g__UBA11358,s__
20150700_E14_2,-0.609809037,Insignificant,d__Bacteria,p__Acidobacteriota,c__Acidobacteriae,o__Acidobacteriales,f__Acidobacteriaceae,g__Terracidiphilus,s__
20150700_E14_4,-0.349942765,Insignificant,d__Bacteria,p__Verrucomicrobiota,c__Verrucomicrobiae,o__Pedosphaerales,f__Pedosphaeraceae,g__UBA11358,s__
20150700_E14_5,-0.350891803,Insignificant,d__Bacteria,p__Verrucomicrobiota,c__Verrucomicrobiae,o__Pedosphaerales,f__Pedosphaeraceae,g__UBA11358,s__
20150700_E15_18,2.577666993,Sig. High,d__Bacteria,p__Bacteroidota,c__Bacteroidia,o__Bacteroidales,f__FEN-979,g__FEN-979,s__
20150700_E15_20,-0.71914371,Insignificant,d__Bacteria,p__Acidobacteriota,c__Acidobacteriae,o__Acidobacteriales,f__Acidobacteriaceae,g__Terracidiphilus,s__
20150700_E15_22,-0.495094748,Insignificant,d__Bacteria,p__Acidobacteriota,c__Acidobacteriae,o__Acidobacteriales,f__Acidobacteriaceae,g__Terracidiphilus,s__
20150700_E15_4,-0.593001963,Insignificant,d__Bacteria,p__Acidobacteriota,c__Acidobacteriae,o__Acidobacteriales,f__Acidobacteriaceae,g__Terracidiphilus,s__
20150700_E15_6,1.750403611,High,d__Bacteria,p__Desulfobacterota,c__Syntrophia,o__Syntrophales,f__Smithellaceae,g__Smithella,s__
20150700_E23_13,-0.24894009,Insignificant,d__Bacteria,p__Proteobacteria,c__Alphaproteobacteria,o__Acetobacterales,f__Acetobacteraceae,g__BOG-930,s__
20150700_E23_6,-0.346657808,Insignificant,d__Bacteria,p__Acidobacteriota,c__Acidobacteriae,o__Acidobacteriales,f__Koribacteraceae,g__TOLSYN,s__
20150700_P14_7,0.617754342,Insignificant,d__Bacteria,p__Actinobacteriota,c__Thermoleophilia,o__Solirubrobacterales,f__Solirubrobacteraceae,g__Palsa-513,s__
20150700_P15_5,-0.173393286,Insignificant,d__Bacteria,p__Acidobacteriota,c__Acidobacteriae,o__Acidobacteriales,f__Acidobacteriaceae,g__Palsa-343,s__
20150700_P24_5,-0.589078236,Insignificant,d__Bacteria,p__Actinobacteriota,c__Acidimicrobiia,o__Acidimicrobiales,f__Bog-793,g__Fen-455,s__
20150700_P31_7,-0.424980046,Insignificant,d__Bacteria,p__Acidobacteriota,c__Acidobacteriae,o__Acidobacteriales,f__Acidobacteriaceae,g__Terracidiphilus,s__
20150700_S15_1,-0.535713502,Insignificant,d__Bacteria,p__Verrucomicrobiota,c__Verrucomicrobiae,o__Pedosphaerales,f__Pedosphaeraceae,g__UBA11358,s__
20150700_S15_12,2.83796807,Sig. High,d__Bacteria,p__Bacteroidota,c__Ignavibacteria,o__Ignavibacteriales,f__Ignavibacteriaceae,g__FEN-1297,s__FEN-1297 sp003142915
20150700_S15_15,-0.617551312,Insignificant,d__Bacteria,p__Acidobacteriota,c__Acidobacteriae,o__Acidobacteriales,f__Acidobacteriaceae,g__Terracidiphilus,s__
20150700_S21_10,0.410536716,Insignificant,d__Bacteria,p__Acidobacteriota,c__Acidobacteriae,o__Bryobacterales,f__Bryobacteraceae,g__,s__
20150700_S21_2,0.32227435,Insignificant,d__Bacteria,p__Proteobacteria,c__Alphaproteobacteria,o__Rhizobiales,f__Xanthobacteraceae,g__Pseudolabrys,s__
20150700_S21_6,-0.282952572,Insignificant,d__Bacteria,p__Acidobacteriota,c__Acidobacteriae,o__Acidobacteriales,f__Koribacteraceae,g__Sulfotelmatobacter,s__
20150700_S21_9,-0.20497087,Insignificant,d__Bacteria,p__Proteobacteria,c__Alphaproteobacteria,o__Acetobacterales,f__Acetobacteraceae,g__Rhodopila,s__
20150700_S23_11,-0.323652752,Insignificant,d__Bacteria,p__Acidobacteriota,c__Acidobacteriae,o__Acidobacteriales,f__Acidobacteriaceae,g__Terracidiphilus,s__Terracidiphilus sp003164635
20150700_S23_2,0.371060663,Insignificant,d__Bacteria,p__Proteobacteria,c__Gammaproteobacteria,o__Steroidobacterales,f__Steroidobacteraceae,g__FEN-1191,s__
20150700_S23_3,2.766395841,Sig. High,d__Bacteria,p__Dormibacterota,c__Dormibacteria,o__UBA8260,f__UBA8260,g__UBA8260,s__UBA8260 sp003134115
20150700_S25_3,-0.432246018,Insignificant,d__Bacteria,p__Verrucomicrobiota,c__Verrucomicrobiae,o__Pedosphaerales,f__Palsa-1400,g__,s__
20160700_E13_6,1.768364564,High,d__Bacteria,p__Desulfobacterota,c__Syntrophia,o__Syntrophales,f__Smithellaceae,g__Smithella,s__
20160700_E21_11,1.599655741,High,d__Bacteria,p__Verrucomicrobiota,c__Verrucomicrobiae,o__Chthoniobacterales,f__UBA6821,g__UBA6821,s__UBA6821 sp002452515
20160700_E21_3,-0.518986465,Insignificant,d__Bacteria,p__Actinobacteriota,c__Acidimicrobiia,o__Acidimicrobiales,f__RAAP-2,g__RAAP-2,s__RAAP-2 sp003133005
20160700_E21_6,-0.321095053,Insignificant,d__Bacteria,p__Proteobacteria,c__Gammaproteobacteria,o__Steroidobacterales,f__Steroidobacteraceae,g__,s__
20160700_E23_11,-0.567557876,Insignificant,d__Bacteria,p__Verrucomicrobiota,c__Verrucomicrobiae,o__Pedosphaerales,f__Pedosphaeraceae,g__UBA11358,s__
20160700_E23_20,-0.414203156,Insignificant,d__Bacteria,p__Verrucomicrobiota,c__Verrucomicrobiae,o__Pedosphaerales,f__Pedosphaeraceae,g__UBA11358,s__
20160700_E23_21,-0.61572101,Insignificant,d__Bacteria,p__Acidobacteriota,c__Acidobacteriae,o__Acidobacteriales,f__Acidobacteriaceae,g__Terracidiphilus,s__
20160700_E23_26,2.767903917,Sig. High,d__Bacteria,p__Verrucomicrobiota,c__Kiritimatiellae,o__RFP12,f__,g__,s__
20160700_E23_6,-0.45917698,Insignificant,d__Bacteria,p__Verrucomicrobiota,c__Verrucomicrobiae,o__Pedosphaerales,f__Pedosphaeraceae,g__UBA11358,s__
20160700_E25_11,-0.642855387,Insignificant,d__Bacteria,p__Acidobacteriota,c__Acidobacteriae,o__Acidobacteriales,f__Acidobacteriaceae,g__Terracidiphilus,s__
20160700_E25_13,-0.650548551,Insignificant,d__Bacteria,p__Acidobacteriota,c__Acidobacteriae,o__Acidobacteriales,f__Acidobacteriaceae,g__Terracidiphilus,s__
20160700_E25_15,-0.561710884,Insignificant,d__Bacteria,p__Acidobacteriota,c__Acidobacteriae,o__Acidobacteriales,f__Acidobacteriaceae,g__Terracidiphilus,s__
20160700_E25_27,-0.723601513,Insignificant,d__Bacteria,p__Acidobacteriota,c__Acidobacteriae,o__Acidobacteriales,f__Koribacteraceae,g__Bog-209,s__
20160700_P15_13,-0.317037833,Insignificant,d__Bacteria,p__Actinobacteriota,c__Acidimicrobiia,o__Acidimicrobiales,f__Palsa-688,g__,s__
20160700_P15_5,0.209810275,Insignificant,d__Bacteria,p__Acidobacteriota,c__Acidobacteriae,o__Bryobacterales,f__Bryobacteraceae,g__Palsa-89,s__Palsa-89 sp003166875
20160700_S11_1,3.176691826,Sig. High,d__Bacteria,p__Myxococcota,c__Polyangia,o__Polyangiales,f__Polyangiaceae,g__Palsa-1150,s__
20160700_S11_6,-0.36031786,Insignificant,d__Bacteria,p__Verrucomicrobiota,c__Verrucomicrobiae,o__Pedosphaerales,f__Pedosphaeraceae,g__UBA11358,s__
20160700_S13_16,-0.518703699,Insignificant,d__Bacteria,p__Actinobacteriota,c__Acidimicrobiia,o__Acidimicrobiales,f__Bog-793,g__Fen-455,s__
20160700_S13_19,-0.271161784,Insignificant,d__Bacteria,p__Proteobacteria,c__Alphaproteobacteria,o__Acetobacterales,f__Acetobacteraceae,g__Acidocella,s__
20160700_S14_9,-0.608821285,Insignificant,d__Bacteria,p__Proteobacteria,c__Gammaproteobacteria,o__Steroidobacterales,f__Steroidobacteraceae,g__Bog-1198,s__
20160700_S15_2,-0.670541685,Insignificant,d__Bacteria,p__Acidobacteriota,c__Acidobacteriae,o__Acidobacteriales,f__Koribacteraceae,g__Bog-209,s__
20160700_S23_13,-0.615744479,Insignificant,d__Bacteria,p__Acidobacteriota,c__Acidobacteriae,o__Acidobacteriales,f__Koribacteraceae,g__Bog-209,s__
20160700_S23_14,0.200823676,Insignificant,d__Bacteria,p__Actinobacteriota,c__Acidimicrobiia,o__Acidimicrobiales,f__Bog-793,g__Palsa-601,s__
20160700_S23_17,-0.596192052,Insignificant,d__Bacteria,p__Acidobacteriota,c__Acidobacteriae,o__Bryobacterales,f__Bryobacteraceae,g__,s__
20160700_S23_5,-0.573281674,Insignificant,d__Bacteria,p__Acidobacteriota,c__Acidobacteriae,o__Bryobacterales,f__Bryobacteraceae,g__Bog-159,s__
20160700_S23_8,-0.67003057,Insignificant,d__Bacteria,p__Proteobacteria,c__Gammaproteobacteria,o__Steroidobacterales,f__Steroidobacteraceae,g__Bog-1198,s__
20160700_S33_6,0.820028595,Insignificant,d__Bacteria,p__Proteobacteria,c__Gammaproteobacteria,o__Steroidobacterales,f__Steroidobacteraceae,g__FEN-1191,s__
20160700_S34_5,0.137996088,Insignificant,d__Bacteria,p__Actinobacteriota,c__Actinomycetia,o__Streptosporangiales,f__Streptosporangiaceae,g__Palsa-506,s__
20170700_E11_1,2.486214668,Sig. High,d__Bacteria,p__Patescibacteria,c__Saccharimonadia,o__Saccharimonadales,f__SZUA-47,g__,s__
20170700_E11_3,-0.755851801,Insignificant,d__Bacteria,p__Actinobacteriota,c__Acidimicrobiia,o__Acidimicrobiales,f__RAAP-2,g__RAAP-2,s__
20170700_E14_6,-0.518036617,Insignificant,d__Bacteria,p__Verrucomicrobiota,c__Verrucomicrobiae,o__Pedosphaerales,f__Pedosphaeraceae,g__UBA11358,s__
20170700_E15_6,-0.426328031,Insignificant,d__Bacteria,p__Acidobacteriota,c__Acidobacteriae,o__Acidobacteriales,f__Acidobacteriaceae,g__Terracidiphilus,s__
20170700_P31_1,0.708036884,Insignificant,d__Bacteria,p__Acidobacteriota,c__Acidobacteriae,o__UBA7541,f__UBA7541,g__Palsa-295,s__Palsa-295 sp003153585
20170700_S24_10,-0.461373325,Insignificant,d__Bacteria,p__Acidobacteriota,c__Acidobacteriae,o__Acidobacteriales,f__Acidobacteriaceae,g__Terracidiphilus,s__Terracidiphilus sp003138515
20170700_S24_14,-11.63591304,Sig. Low,d__Bacteria,p__Acidobacteriota,c__Acidobacteriae,o__Acidobacteriales,f__Acidobacteriaceae,g__Terracidiphilus,s__
20170700_S24_16,-0.596975392,Insignificant,d__Bacteria,p__Verrucomicrobiota,c__Verrucomicrobiae,o__Pedosphaerales,f__Pedosphaeraceae,g__UBA11358,s__
20170700_S24_4,-0.306371899,Insignificant,d__Bacteria,p__Verrucomicrobiota,c__Verrucomicrobiae,o__Pedosphaerales,f__Palsa-1400,g__,s__
20170700_S24_5,-0.367638426,Insignificant,d__Bacteria,p__Acidobacteriota,c__Acidobacteriae,o__Acidobacteriales,f__Acidobacteriaceae,g__Palsa-288,s__Palsa-288 sp003142215
20170700_S24_8,-0.576365007,Insignificant,d__Bacteria,p__Verrucomicrobiota,c__Verrucomicrobiae,o__Pedosphaerales,f__Palsa-1400,g__,s__
20170700_S24_9,-0.485243247,Insignificant,d__Bacteria,p__Verrucomicrobiota,c__Verrucomicrobiae,o__Pedosphaerales,f__Pedosphaeraceae,g__UBA11358,s__
20170700_S25_1,-0.507598762,Insignificant,d__Bacteria,p__Acidobacteriota,c__Acidobacteriae,o__Acidobacteriales,f__Acidobacteriaceae,g__Palsa-288,s__
20170700_S25_13,-0.521271907,Insignificant,d__Bacteria,p__Acidobacteriota,c__Acidobacteriae,o__Acidobacteriales,f__Acidobacteriaceae,g__Terracidiphilus,s__Terracidiphilus sp003165095
20170700_S25_14,-0.549461913,Insignificant,d__Bacteria,p__Acidobacteriota,c__Acidobacteriae,o__Acidobacteriales,f__Acidobacteriaceae,g__Terracidiphilus,s__
20170700_S25_23,2.276575608,Sig. High,d__Bacteria,p__FCPU426,c__Palsa-1180,o__,f__,g__,s__
20170700_S25_25,1.593625747,High,d__Bacteria,p__Dormibacterota,c__Dormibacteria,o__UBA8260,f__Bog-877,g__Bog-877,s__Bog-877 sp003164475
20170700_S25_26,-0.654623379,Insignificant,d__Bacteria,p__Acidobacteriota,c__Acidobacteriae,o__Acidobacteriales,f__Koribacteraceae,g__Bog-209,s__Bog-209 sp003139995
20170700_S25_3,-0.26526785,Insignificant,d__Bacteria,p__Acidobacteriota,c__Acidobacteriae,o__Acidobacteriales,f__Acidobacteriaceae,g__Palsa-343,s__Palsa-343 sp003152595
20170700_S25_32,-0.273940656,Insignificant,d__Bacteria,p__Verrucomicrobiota,c__Verrucomicrobiae,o__Pedosphaerales,f__Palsa-1400,g__Palsa-1400,s__
20170700_S25_36,-0.542322628,Insignificant,d__Bacteria,p__Actinobacteriota,c__Actinomycetia,o__Mycobacteriales,f__Mycobacteriaceae,g__Mycobacterium,s__
20170700_S25_38,0.969990121,Insignificant,d__Bacteria,p__Acidobacteriota,c__Acidobacteriae,o__UBA7540,f__UBA7540,g__UBA7540,s__
20170700_S25_7,-0.64829705,Insignificant,d__Bacteria,p__Acidobacteriota,c__Acidobacteriae,o__Acidobacteriales,f__Acidobacteriaceae,g__Terracidiphilus,s__
20170700_S25_8,-0.422296685,Insignificant,d__Bacteria,p__Acidobacteriota,c__Acidobacteriae,o__Bryobacterales,f__Bryobacteraceae,g__,s__
20170700_S25_9,-0.664282332,Insignificant,d__Bacteria,p__Acidobacteriota,c__Acidobacteriae,o__Acidobacteriales,f__Acidobacteriaceae,g__Terracidiphilus,s__Terracidiphilus sp003161045
20170700_S31_11,-0.068082199,Insignificant,d__Bacteria,p__Acidobacteriota,c__Acidobacteriae,o__Acidobacteriales,f__Koribacteraceae,g__Sulfotelmatobacter,s__
20170700_S31_5,-0.676502523,Insignificant,d__Bacteria,p__Acidobacteriota,c__Acidobacteriae,o__Acidobacteriales,f__Koribacteraceae,g__Bog-257,s__
20170700_S33_13,-0.471479668,Insignificant,d__Bacteria,p__Actinobacteriota,c__Acidimicrobiia,o__Acidimicrobiales,f__RAAP-2,g__Bog-473,s__Bog-473 sp003169235
20170700_S33_22,-0.030979186,Insignificant,d__Bacteria,p__Actinobacteriota,c__Actinomycetia,o__Streptosporangiales,f__Streptosporangiaceae,g__Palsa-504,s__
20170700_S33_23,-0.607316618,Insignificant,d__Bacteria,p__Acidobacteriota,c__Acidobacteriae,o__Acidobacteriales,f__Acidobacteriaceae,g__Terracidiphilus,s__
20170700_S33_24,-0.231356374,Insignificant,d__Bacteria,p__Proteobacteria,c__Alphaproteobacteria,o__Acetobacterales,f__Acetobacteraceae,g__Palsa-883,s__
20170700_S33_29,-0.502832576,Insignificant,d__Bacteria,p__Acidobacteriota,c__Acidobacteriae,o__Acidobacteriales,f__Koribacteraceae,g__Bog-209,s__Bog-209 sp003139975
20170700_S33_33,1.771232887,High,d__Bacteria,p__Actinobacteriota,c__Thermoleophilia,o__RBG-16-64-13,f__RBG-16-64-13,g__,s__
20170700_S33_37,0.745187946,Insignificant,d__Bacteria,p__Actinobacteriota,c__Thermoleophilia,o__Solirubrobacterales,f__Solirubrobacteraceae,g__Palsa-465,s__
20170700_S33_5,-0.377089289,Insignificant,d__Bacteria,p__Acidobacteriota,c__Acidobacteriae,o__Acidobacteriales,f__Acidobacteriaceae,g__Granulicella_A,s__
20170700_S34_10,-0.47767181,Insignificant,d__Bacteria,p__Acidobacteriota,c__Acidobacteriae,o__Acidobacteriales,f__Acidobacteriaceae,g__Terracidiphilus,s__
20170700_S34_13,-0.5606625,Insignificant,d__Bacteria,p__Actinobacteriota,c__Acidimicrobiia,o__Acidimicrobiales,f__RAAP-2,g__RAAP-2,s__
20170700_S34_2,0.582327282,Insignificant,d__Bacteria,p__Actinobacteriota,c__Acidimicrobiia,o__Acidimicrobiales,f__UBA8190,g__Bog-564,s__Bog-564 sp003139255
20170700_S34_23,-0.635973064,Insignificant,d__Bacteria,p__Acidobacteriota,c__Acidobacteriae,o__Acidobacteriales,f__Acidobacteriaceae,g__Terracidiphilus,s__
20170700_S34_24,-0.631270558,Insignificant,d__Bacteria,p__Acidobacteriota,c__Acidobacteriae,o__Acidobacteriales,f__Acidobacteriaceae,g__Terracidiphilus,s__Terracidiphilus sp003156235
20170700_S34_25,1.834304113,High,d__Bacteria,p__Desulfobacterota,c__Syntrophia,o__Syntrophales,f__Smithellaceae,g__UBA4810,s__UBA4810 sp002479215
20170700_S34_26,-0.508426703,Insignificant,d__Bacteria,p__Actinobacteriota,c__Acidimicrobiia,o__Acidimicrobiales,f__RAAP-2,g__Bog-756,s__
20170700_S34_29,-0.608034359,Insignificant,d__Bacteria,p__Acidobacteriota,c__Acidobacteriae,o__Bryobacterales,f__Bryobacteraceae,g__Bog-375,s__
20170700_S34_32,-0.24458557,Insignificant,d__Bacteria,p__Actinobacteriota,c__Acidimicrobiia,o__Acidimicrobiales,f__RAAP-2,g__Bog-473,s__
20170700_S34_36,-0.304790022,Insignificant,d__Bacteria,p__Verrucomicrobiota,c__Verrucomicrobiae,o__Pedosphaerales,f__Pedosphaeraceae,g__PALSA-1440,s__
20170700_S34_41,-0.189233488,Insignificant,d__Bacteria,p__Verrucomicrobiota,c__Verrucomicrobiae,o__Pedosphaerales,f__Pedosphaeraceae,g__,s__
20170700_S35_18,-0.636624755,Insignificant,d__Bacteria,p__Acidobacteriota,c__Acidobacteriae,o__Acidobacteriales,f__Acidobacteriaceae,g__Terracidiphilus,s__
20170700_S35_2,2.597639908,Sig. High,d__Bacteria,p__Myxococcota,c__Polyangia,o__Palsa-1104,f__Fen-1088,g__Fen-1118,s__
20170700_S35_4,-0.412273712,Insignificant,d__Bacteria,p__Proteobacteria,c__Alphaproteobacteria,o__Rhizobiales,f__Beijerinckiaceae,g__Methylocella,s__
3300022861_2,-0.174371864,Insignificant,d__Bacteria,p__Acidobacteriota,c__Acidobacteriae,o__Acidobacteriales,f__Koribacteraceae,g__TOLSYN,s__
3300022861_3,3.375685781,Sig. High,d__Bacteria,p__Proteobacteria,c__Gammaproteobacteria,o__Enterobacterales,f__Enterobacteriaceae,g__159R,s__
3300023248_5,-0.508698702,Insignificant,d__Bacteria,p__Acidobacteriota,c__Acidobacteriae,o__Acidobacteriales,f__Acidobacteriaceae,g__Terracidiphilus,s__
3300029985_7,1.667726564,High,d__Bacteria,p__Bacteroidota,c__Bacteroidia,o__Chitinophagales,f__LD1,g__UBA1941,s__UBA1941 sp003165135
3300036876_12,3.563897312,Sig. High,d__Bacteria,p__Dependentiae,c__Babeliae,o__Babeliales,f__Babeliaceae,g__BOG-1370,s__BOG-1370 sp003165355
3300036876_9,2.610049961,Sig. High,d__Bacteria,p__Bacteroidota,c__Bacteroidia,o__Chitinophagales,f__LD1,g__Bog-950,s__Bog-950 sp003165895
3300036888_6,-0.407724132,Insignificant,d__Bacteria,p__Proteobacteria,c__Alphaproteobacteria,o__Rhizobiales,f__Beijerinckiaceae,g__Roseiarcus,s__
3300036929_5,-0.648602913,Insignificant,d__Bacteria,p__Verrucomicrobiota,c__Verrucomicrobiae,o__Pedosphaerales,f__Pedosphaeraceae,g__UBA11358,s__
3300037040_8,-0.740968108,Insignificant,d__Bacteria,p__Proteobacteria,c__Alphaproteobacteria,o__Rhizobiales,f__Beijerinckiaceae,g__Methylocystis,s__
3300037085_4,-0.613548475,Insignificant,d__Bacteria,p__Verrucomicrobiota,c__Verrucomicrobiae,o__Pedosphaerales,f__Pedosphaeraceae,g__UBA11358,s__
3300037134_11,2.880957956,Sig. High,d__Bacteria,p__Patescibacteria,c__Saccharimonadia,o__Saccharimonadales,f__UBA4665,g__BOG-1338,s__
3300037149_6,1.777495586,High,d__Bacteria,p__Armatimonadota,c__BOG-944,o__Capsulimonadales,f__BOG-944,g__BOG-944,s__
3300037175_6,2.38771652,Sig. High,d__Bacteria,p__Firmicutes_B,c__Syntrophomonadia,o__Thermacetogeniales,f__Palsa-1188,g__Palsa-1188,s__Palsa-1188 sp003160265
3300037180_6,0.370698462,Insignificant,d__Bacteria,p__Verrucomicrobiota,c__Verrucomicrobiae,o__Opitutales,f__Opitutaceae,g__Palsa-1447,s__Palsa-1447 sp003168315
3300037185_7,3.888863786,Sig. High,d__Bacteria,p__Spirochaetota,c__Spirochaetia,o__Treponematales,f__UBA8932,g__UBA1306,s__
3300037196_13,-0.167978665,Insignificant,d__Bacteria,p__Proteobacteria,c__Alphaproteobacteria,o__Acetobacterales,f__Acetobacteraceae,g__Acidocella,s__
3300037196_14,2.412253214,Sig. High,d__Bacteria,p__Firmicutes_B,c__Syntrophomonadia,o__Thermacetogeniales,f__Palsa-1188,g__,s__
3300037231_11,2.014292021,Sig. High,d__Bacteria,p__Bacteroidota,c__Bacteroidia,o__Chitinophagales,f__Chitinophagaceae,g__UBA8621,s__
3300037342_8,1.896368557,High,d__Bacteria,p__Verrucomicrobiota,c__Verrucomicrobiae,o__Chthoniobacterales,f__Chthoniobacteraceae,g__SXWH01,s__
3300037349_11,-0.334210706,Insignificant,d__Bacteria,p__Verrucomicrobiota,c__Verrucomicrobiae,o__Pedosphaerales,f__Pedosphaeraceae,g__UBA11358,s__
3300037349_9,0.995956129,Insignificant,d__Bacteria,p__Verrucomicrobiota,c__Verrucomicrobiae,o__Opitutales,f__Opitutaceae,g__Palsa-1447,s__
3300037359_10,1.706064157,High,d__Bacteria,p__Proteobacteria,c__Gammaproteobacteria,o__Burkholderiales,f__Gallionellaceae,g__PALSA-1006,s__
3300037360_7,-0.446963702,Insignificant,d__Bacteria,p__Proteobacteria,c__Alphaproteobacteria,o__Rhizobiales,f__Beijerinckiaceae,g__Roseiarcus,s__
3300037549_16,-0.564956213,Insignificant,d__Bacteria,p__Actinobacteriota,c__Acidimicrobiia,o__Acidimicrobiales,f__RAAP-2,g__Bog-756,s__
3300038457_7,2.854253067,Sig. High,d__Bacteria,p__Cyanobacteria,c__Vampirovibrionia,o__Obscuribacterales,f__Obscuribacteraceae,g__,s__
PLCS01,-0.759348804,Insignificant,d__Bacteria,p__Acidobacteriota,c__Acidobacteriae,o__Acidobacteriales,f__Acidobacteriaceae,g__Terracidiphilus,s__Terracidiphilus sp003134855
PLGF01,-0.337928062,Insignificant,d__Bacteria,p__Verrucomicrobiota,c__Verrucomicrobiae,o__Pedosphaerales,f__Palsa-1400,g__Palsa-1400,s__Palsa-1400 sp003138485
PLHP01,-0.631372207,Insignificant,d__Bacteria,p__Acidobacteriota,c__Acidobacteriae,o__Acidobacteriales,f__Koribacteraceae,g__Bog-209,s__Bog-209 sp003138955
PLNE01,-0.240188619,Insignificant,d__Bacteria,p__Dormibacterota,c__Dormibacteria,o__UBA8260,f__UBA8260,g__UBA8260,s__UBA8260 sp003141695
PLNV01,2.862717341,Sig. High,d__Bacteria,p__Desulfobacterota,c__Syntrophia,o__Syntrophales,f__Smithellaceae,g__Smithella,s__Smithella sp003139775
PLPO01,-0.452420545,Insignificant,d__Bacteria,p__Acidobacteriota,c__Acidobacteriae,o__Acidobacteriales,f__Acidobacteriaceae,g__Palsa-288,s__Palsa-288 sp003142235
PLRX01,-0.74937393,Insignificant,d__Bacteria,p__Actinobacteriota,c__Acidimicrobiia,o__Acidimicrobiales,f__RAAP-2,g__Bog-756,s__Bog-756 sp003164095
PLSG01,3.385217822,Sig. High,d__Bacteria,p__Verrucomicrobiota_A,c__Chlamydiia,o__Parachlamydiales,f__Parachlamydiaceae,g__BOG-1457,s__BOG-1457 sp003164155
PLSJ01,2.843569699,Sig. High,d__Bacteria,p__Desulfobacterota,c__Syntrophorhabdia,o__Syntrophorhabdales,f__WCHB1-27,g__BOG-1155,s__BOG-1155 sp003165115
PLSL01,0.052201214,Insignificant,d__Bacteria,p__Proteobacteria,c__Alphaproteobacteria,o__Acetobacterales,f__Acetobacteraceae,g__,s__
PLSR01,4.95821907,Sig. High,d__Bacteria,p__Patescibacteria,c__Paceibacteria,o__UBA9983,f__UBA2163,g__UBA10103,s__UBA10103 sp003164215
PLSW01,0.185577544,Insignificant,d__Bacteria,p__Proteobacteria,c__Alphaproteobacteria,o__Caulobacterales,f__Caulobacteraceae,g__BOG-935,s__BOG-935 sp003165275
PLTJ01,-0.149680143,Insignificant,d__Bacteria,p__Proteobacteria,c__Alphaproteobacteria,o__Acetobacterales,f__Acetobacteraceae,g__BOG-930,s__BOG-930 sp003164455
PLTN01,-0.659022696,Insignificant,d__Bacteria,p__Eremiobacterota,c__Eremiobacteria,o__UBP12,f__UBA5184,g__Bog-1524,s__Bog-1524 sp003164495
PLTT01,1.553613688,High,d__Bacteria,p__Patescibacteria,c__Saccharimonadia,o__Saccharimonadales,f__UBA4665,g__BOG-1338,s__BOG-1338 sp003164595
PLTW01,2.021928924,Sig. High,d__Bacteria,p__Actinobacteriota,c__Thermoleophilia,o__UBA2241,f__UBA2241,g__Bog-752,s__Bog-752 sp003164655
PLTZ01,0.814206887,Insignificant,d__Bacteria,p__Verrucomicrobiota,c__Verrucomicrobiae,o__Opitutales,f__Opitutaceae,g__Palsa-1447,s__Palsa-1447 sp003164715
PLXS01,0.663751453,Insignificant,d__Bacteria,p__Verrucomicrobiota,c__Verrucomicrobiae,o__Opitutales,f__Opitutaceae,g__Palsa-1447,s__Palsa-1447 sp003151515
PMCB01,3.495756922,Sig. High,d__Bacteria,p__Chloroflexota,c__Dehalococcoidia,o__Dehalococcoidales,f__UBA3254,g__Fen-1064,s__Fen-1064 sp003153955
PMLV01,-0.441751017,Insignificant,d__Bacteria,p__Actinobacteriota,c__Acidimicrobiia,o__Acidimicrobiales,f__RAAP-2,g__Bog-473,s__Bog-473 sp003160635
PMST01,-0.265124708,Insignificant,d__Bacteria,p__Actinobacteriota,c__Actinomycetia,o__Streptosporangiales,f__Streptosporangiaceae,g__Palsa-504,s__Palsa-504 sp003168295
PMTF01,-0.690668819,Insignificant,d__Bacteria,p__Actinobacteriota,c__Acidimicrobiia,o__Acidimicrobiales,f__RAAP-2,g__RAAP-2,s__RAAP-2 sp003167415
PMWT01,-11.63276554,Sig. Low,d__Bacteria,p__Actinobacteriota,c__Acidimicrobiia,o__Acidimicrobiales,f__Palsa-688,g__Fen-671,s__Fen-671 sp003166025
PMZX01,2.559831707,Sig. High,d__Bacteria,p__Myxococcota,c__Polyangia,o__Palsa-1104,f__Fen-1088,g__Fen-1137,s__Fen-1137 sp003170035
