SampleID_matching_MAGs,SampleID,Month,Habitat,Core,Depth,Year,Sampletype,names_bnti,,,,SampleID__,Month__,Year__,Date__,FieldSampling__,Habitat__,Site__,Core__,GPS__,image_url__,DepthCode__,DepthMin__,DepthMax__,DepthAvg__,metaG_ACE__,metaG_JGI_HiSeq__,metaG_JGI_NovaSeq__,FTIR__,FTICRMS__,EEMS__,ALD.cm__,WTD.cm_neg.is.below.sfc__,"T, air (C)","T, soil (C)",Weather Conditions on Day of Coring,Conductivity (uS),Redox Potential (ORP) (uncalibrated; relative values only),O2 (%),pH (porewater),pH (peat),BulkDensity,percentWater_wt,CH4.mM__,CO2.mM__,CH4.percent,CO2.percent,d13C_CH4__,d13C_CO2__,dD_CH4__,dD_H2O,d18O_H2O,D14C_DIC,DOC.mM__,TN.mM__,Acetate.uM__,Propionate.uM__,Butyrate.uM__,Formate.uM__,Sulfate.uM__,Phosphate.uM__,Nitrate.uM__,Ammonia.uM__,Ca.uM,Mg.uM,C.percent__,N.percent__,d13C_peat__,d15N_peat__,D14C_peat__,pool.DOM,pool.dD_CH4,UpdateDate__.DepthInfo,UpdateDate__.Biogeochemistry,Notes__.DepthInfo,Notes__.Biogeochemistry
201206_P1_01-04,June_P_1_S_12_so_R1,June,Palsa,1,S,2012,peat,20120600_P1S,,,d5dca80e-823a-42ff-832d-df3f36565ab6,201206_P1_01-04,6,2012,6/3/2012,2012-06,Palsa,Palsa Autochamber Site,1,"N 68 21.2067, E 19 02.8426",['https://isogenie-db.asc.ohio-state.edu/images/raw/Eun-Hae_Kim/June2012/Palsa_Core_1_June2012.png'],S,1,4,2.5,20120600_P1S,NA,NA,NA,NA,NA,17.5,NA,8.7,4.6,Sunny both days,NA,NA,NA,NA,NA,NA,NA,NA,NA,0,0.043325693,NA,-9.874416667,NA,NA,NA,NA,NA,NA,NA,NA,NA,NA,NA,NA,NA,NA,NA,NA,44.775,0.843,-27.61778,-2.4517975,NA,NA,NA,20200924,20200924,Notes: one of the middle pore gas samples may have some ,
201206_P1_14-17,June_P_1_D_12_so_R1,June,Palsa,1,D,2012,peat,20120600_P1D,,,30e16629-6266-4b95-9e8a-3522913477e5,201206_P1_14-17,6,2012,6/3/2012,2012-06,Palsa,Palsa Autochamber Site,1,"N 68 21.2067, E 19 02.8426",['https://isogenie-db.asc.ohio-state.edu/images/raw/Eun-Hae_Kim/June2012/Palsa_Core_1_June2012.png'],D,14,17,15.5,20120600_P1D,NA,NA,NA,NA,NA,17.5,NA,8.7,1.5,Sunny both days,NA,NA,NA,NA,NA,NA,NA,NA,NA,0,0.060190254,NA,-12.11666667,NA,NA,NA,NA,NA,NA,NA,NA,NA,NA,NA,NA,NA,NA,NA,NA,47.425,1.368,-27.00862,-0.6649275,NA,NA,NA,20200924,20200924,NA,NA
201206_P2_01-04,June_P_2_S_12_so_R1,June,Palsa,2,S,2012,peat,20120600_P2S,,,17b125b4-c1b9-4cec-8c9e-644e5ad7bca9,201206_P2_01-04,6,2012,6/3/2012,2012-06,Palsa,Palsa Autochamber Site,2,"N 68 21.2100, E 19 02.8410",['https://isogenie-db.asc.ohio-state.edu/images/raw/Eun-Hae_Kim/June2012/Palsa_Core_2_June2012.png'],S,1,4,2.5,20120600_P2S,NA,NA,NA,NA,NA,14,NA,9.9,9,Sunny both days,NA,NA,NA,NA,NA,NA,NA,NA,NA,0,0.039374164,NA,-8.765916667,NA,NA,NA,NA,NA,NA,NA,NA,NA,NA,NA,NA,NA,NA,NA,NA,46.436,0.848,-26.44100833,-0.35115,NA,NA,NA,20200924,20200924,Notes: core went slightly into frozen layer (18 cm depth),"notes_Suzanne: There were 2 bags labeled ""P2-S,"" and no ""P3-S."" One of the P2-S bags is probably P3-S."
201206_P2_07-10,June_P_2_M_12_so_R1,June,Palsa,2,M,2012,peat,20120600_P2M,,,ead61e08-0837-42a9-bc50-baeadd1c9668,201206_P2_07-10,6,2012,6/3/2012,2012-06,Palsa,Palsa Autochamber Site,2,"N 68 21.2100, E 19 02.8410",['https://isogenie-db.asc.ohio-state.edu/images/raw/Eun-Hae_Kim/June2012/Palsa_Core_2_June2012.png'],M,7,10,8.5,20120600_P2M,NA,NA,NA,NA,NA,14,NA,9.9,3.4,Sunny both days,NA,NA,NA,NA,NA,NA,NA,NA,NA,0,0.047982852,NA,-10.96616667,NA,NA,NA,NA,NA,NA,NA,NA,NA,NA,NA,NA,NA,NA,NA,NA,44.125,0.944,-25.99012,-0.94286285,NA,NA,NA,20200924,20200924,NA,"notes_Suzanne: There were 2 bags labeled ""P2-M,"" and no ""P3-M."" One of the P2-M bags is probably P3-M."
201206_P2_15-18,June_P_2_D_12_so_R1,June,Palsa,2,D,2012,peat,20120600_P2D,,,c8b96a11-ec92-415d-a88e-41b70e013cd9,201206_P2_15-18,6,2012,6/3/2012,2012-06,Palsa,Palsa Autochamber Site,2,"N 68 21.2100, E 19 02.8410",['https://isogenie-db.asc.ohio-state.edu/images/raw/Eun-Hae_Kim/June2012/Palsa_Core_2_June2012.png'],D,15,18,16.5,20120600_P2D,NA,NA,NA,NA,NA,14,NA,9.9,1.4,Sunny both days,NA,NA,NA,NA,NA,NA,NA,NA,NA,NA,NA,NA,NA,NA,NA,NA,NA,NA,NA,NA,NA,NA,NA,NA,NA,NA,NA,NA,NA,43.619,1.37,-25.60697,2.75029205,NA,NA,NA,20200924,20200924,NA,NA
201206_P3_17-20,June_P_3_D_12_so_R1,June,Palsa,3,D,2012,peat,20120600_P3D,,,335a9931-00b7-467e-97d7-62e2f87e809d,201206_P3_17-20,6,2012,6/3/2012,2012-06,Palsa,Palsa Autochamber Site,3,"N 68 21.2068, E 19 02.8314",['https://isogenie-db.asc.ohio-state.edu/images/raw/Eun-Hae_Kim/June2012/Palsa_Core_3_June2012.png'],D,17,20,18.5,20120600_P3D,NA,NA,NA,NA,NA,20,NA,7.8,1.5,Sunny both days,NA,NA,NA,NA,NA,NA,NA,NA,NA,0,0.081076908,NA,-15.50841667,NA,NA,NA,NA,NA,NA,NA,NA,NA,NA,NA,NA,NA,NA,NA,NA,41.726,1.343,-26.16278,3.9742875,NA,NA,NA,20200924,20200924,NA,NA
201206_S1_01-04,June_S_1_S_12_so_R1,June,Bog,1,S,2012,peat,20120600_S1S,,,ccff03c4-04bf-438e-8203-e6c0fdd83fe7,201206_S1_01-04,6,2012,6/3/2012,2012-06,Bog,Sphagnum Autochamber Site,1,"N 68 21.1993, E 19 02.8511",['https://isogenie-db.asc.ohio-state.edu/images/raw/Eun-Hae_Kim/June2012/Sphagnum_Core_1_June2012.png'],S,1,4,2.5,20120600_S1S,NA,NA,NA,NA,NA,17,-4,11.3,9.5,Sunny both days,NA,NA,NA,NA,NA,NA,NA,NA,NA,NA,NA,NA,NA,NA,NA,NA,NA,NA,NA,NA,NA,NA,NA,NA,NA,NA,NA,NA,NA,43.428,0.532,-25.53228,-0.083315,NA,NA,NA,20200703,20200924,NA,NA
201206_S1_04-07,June_S_1_M_12_so_R1,June,Bog,1,M,2012,peat,20120600_S1M,,,0fdcbd19-7ec2-4045-b98f-31f87c36a03d,201206_S1_04-07,6,2012,6/3/2012,2012-06,Bog,Sphagnum Autochamber Site,1,"N 68 21.1993, E 19 02.8511",['https://isogenie-db.asc.ohio-state.edu/images/raw/Eun-Hae_Kim/June2012/Sphagnum_Core_1_June2012.png'],M,4,7,5.5,20120600_S1M,NA,NA,NA,NA,NA,17,-4,11.3,4.4,Sunny both days,NA,NA,NA,4.1,NA,NA,NA,0.029361973,0.932065368,NA,NA,-67.053125,-14.91775,-323.671,-85.98551558,-11.78232553,NA,3.647039898,0.065618794,NA,NA,NA,NA,2.8,NA,0.65,2.907016741,NA,NA,44.336,0.651,-24.63115,0.4337825,NA,TRUE,TRUE,20200703,20200924,NA,notes_Suzanne: Acidified for DOC. 
201206_S1_14-17,June_S_1_D_12_so_R1,June,Bog,1,D,2012,peat,20120600_S1D,,,0ff84915-67ae-4df9-9379-2937a445fc0a,201206_S1_14-17,6,2012,6/3/2012,2012-06,Bog,Sphagnum Autochamber Site,1,"N 68 21.1993, E 19 02.8511",['https://isogenie-db.asc.ohio-state.edu/images/raw/Eun-Hae_Kim/June2012/Sphagnum_Core_1_June2012.png'],D,14,17,15.5,20120600_S1D,NA,NA,NA,NA,X,17,-4,11.3,0.9,Sunny both days,NA,NA,NA,4.2,NA,NA,NA,0.191721306,2.390255061,NA,NA,-60.71304167,-10.2655,-324.282,-85.70703265,-11.54350016,NA,4.460415978,0.071516644,NA,NA,NA,NA,2.85,NA,1.85,0.92910102,NA,NA,43.328,0.501,-24.89596,-0.07819985,NA,TRUE,TRUE,20200703,20200924,NA,notes_Suzanne: Acidified for DOC. 
201206_S2_01-04,June_S_2_S_12_so_R1,June,Bog,2,S,2012,peat,20120600_S2S,,,1ec6aba5-42da-45ec-832d-55925b4c8728,201206_S2_01-04,6,2012,6/3/2012,2012-06,Bog,Sphagnum Autochamber Site,2,"N 68 21.1988, E 19 02.8546",['https://isogenie-db.asc.ohio-state.edu/images/raw/Eun-Hae_Kim/June2012/Sphagnum_Core_2_June2012.png'],S,1,4,2.5,20120600_S2S,NA,NA,NA,NA,NA,20,0,8.4,9.6,Sunny both days,NA,NA,NA,4.1,NA,NA,NA,0.0320661,0.512559484,NA,NA,-65.768125,-12.232,-262.682,-80.42910201,-10.90527617,NA,3.416179538,0.051198168,NA,NA,NA,NA,1.7,NA,0.25,0.781613303,NA,NA,45.28,0.479,-24.84358,-0.75141145,NA,TRUE,TRUE,20200703,20200924,NA,notes_Suzanne: Acidified for DOC. 
201206_S2_10-13,June_S_2_M_12_so_R1,June,Bog,2,M,2012,peat,20120600_S2M,,,f0a511b7-c41d-459d-9114-d79c26362601,201206_S2_10-13,6,2012,6/3/2012,2012-06,Bog,Sphagnum Autochamber Site,2,"N 68 21.1988, E 19 02.8546",['https://isogenie-db.asc.ohio-state.edu/images/raw/Eun-Hae_Kim/June2012/Sphagnum_Core_2_June2012.png'],M,10,13,11.5,20120600_S2M,NA,NA,NA,NA,NA,20,0,8.4,4.3,Sunny both days,NA,NA,NA,3.9,NA,NA,NA,0.142792367,1.716521822,NA,NA,-69.480625,-8.7235,-323.671,-85.2452351,-11.52627362,NA,3.647039898,0.065618794,NA,NA,NA,NA,2.8,NA,0.65,2.907016741,NA,NA,40.301,0.875,-23.70383,-0.33990875,NA,TRUE,TRUE,20200703,20200924,NA,notes_Suzanne: Acidified for DOC. 
201206_S2_17-20,June_S_2_D_12_so_R1,June,Bog,2,D,2012,peat,20120600_S2D,,,1324905c-ed4a-4ea7-9071-2923b9b38f14,201206_S2_17-20,6,2012,6/3/2012,2012-06,Bog,Sphagnum Autochamber Site,2,"N 68 21.1988, E 19 02.8546",['https://isogenie-db.asc.ohio-state.edu/images/raw/Eun-Hae_Kim/June2012/Sphagnum_Core_2_June2012.png'],D,17,20,18.5,20120600_S2D,NA,NA,NA,NA,X,20,0,8.4,1.5,Sunny both days,NA,NA,NA,4,NA,NA,NA,0.427309102,2.712577179,NA,NA,-63.659875,-5.414,-324.282,-86.11862358,-11.63633473,NA,4.460415978,0.071516644,NA,NA,NA,NA,2.85,NA,1.85,0.92910102,NA,NA,51.142,1.233,-23.7491452,0.74756,NA,TRUE,TRUE,20200703,20200924,NA,notes_Suzanne: Acidified for DOC. 
201206_S3_01-04,June_S_3_S_12_so_R1,June,Bog,3,S,2012,peat,20120600_S3S,,,f1804025-0a1a-40c6-a347-0c5ffa3caec1,201206_S3_01-04,6,2012,6/3/2012,2012-06,Bog,Sphagnum Autochamber Site,3,"N 68 21.2028, E 19 02.8554",['https://isogenie-db.asc.ohio-state.edu/images/raw/Eun-Hae_Kim/June2012/Sphagnum_Core_3_June2012.png'],S,1,4,2.5,20120600_S3S,NA,NA,NA,NA,NA,19,0,9.8,7,Sunny both days,NA,NA,NA,4,NA,NA,NA,0.003939841,0.568403411,NA,NA,NA,-16.89865,-262.682,-85.02850905,-11.39156297,NA,3.416179538,0.051198168,NA,NA,NA,NA,1.7,NA,0.25,0.781613303,NA,NA,41.053,0.901,-27.49265,-0.4068675,NA,TRUE,TRUE,20200703,20200924,NA,notes_Suzanne: Acidified for DOC. 
201206_S3_09-12,June_S_3_M_12_so_R1,June,Bog,3,M,2012,peat,20120600_S3M,,,ae4fb481-5572-4c01-9cd0-9e39fa5ddab0,201206_S3_09-12,6,2012,6/3/2012,2012-06,Bog,Sphagnum Autochamber Site,3,"N 68 21.2028, E 19 02.8554",['https://isogenie-db.asc.ohio-state.edu/images/raw/Eun-Hae_Kim/June2012/Sphagnum_Core_3_June2012.png'],M,9,12,10.5,20120600_S3M,NA,NA,NA,NA,NA,19,0,9.8,3.5,Sunny both days,NA,NA,NA,4,NA,NA,NA,0.009312904,0.984570405,NA,NA,NA,-16.98825,-323.671,-85.95536482,-11.51430449,NA,3.647039898,0.065618794,NA,NA,NA,NA,2.8,NA,0.65,2.907016741,NA,NA,43.96,0.799,-26.03959,-0.4440125,NA,TRUE,TRUE,20200703,20200924,NA,notes_Suzanne: Acidified for DOC. 
201206_S3_16-19,June_S_3_D_12_so_R1,June,Bog,3,D,2012,peat,20120600_S3D,,,9b5c5ab9-a826-46bb-ba0c-3838da7a6ee1,201206_S3_16-19,6,2012,6/3/2012,2012-06,Bog,Sphagnum Autochamber Site,3,"N 68 21.2028, E 19 02.8554",['https://isogenie-db.asc.ohio-state.edu/images/raw/Eun-Hae_Kim/June2012/Sphagnum_Core_3_June2012.png'],D,16,19,17.5,20120600_S3D,NA,NA,NA,NA,X,19,0,9.8,0.9,Sunny both days,NA,NA,NA,4,NA,NA,NA,0.250941734,2.016720598,NA,NA,-58.687625,-11.43675,-324.282,-88.03208027,-11.57093073,NA,4.460415978,0.071516644,NA,NA,NA,NA,2.85,NA,1.85,0.92910102,NA,NA,44.697,0.761,-26.40043,0.2676075,NA,TRUE,TRUE,20200703,20200924,NA,notes_Suzanne: Acidified for DOC. 
201206_E1_01-04,June_E_1_S_12_so_R1,June,Fen,1,S,2012,peat,20120600_E1S,,,b1971e83-e152-44b5-8949-a3354f07db02,201206_E1_01-04,6,2012,6/3/2012,2012-06,Fen,Eriophorum Autochamber Site,1,"N 68 21.1941, E 19 02.8114",['https://isogenie-db.asc.ohio-state.edu/images/raw/Eun-Hae_Kim/June2012/Erio_Core_1_June2012.png'],S,1,4,2.5,20120600_E1S,NA,NA,NA,NA,NA,14,7,9.1,7.8,Sunny both days,NA,NA,NA,5.1,NA,NA,NA,NA,NA,NA,NA,NA,NA,NA,NA,NA,NA,NA,NA,NA,NA,NA,NA,NA,NA,NA,NA,NA,NA,48.843,1.545,-27.38498,2.5227,NA,NA,NA,20200924,20200924,NA,NA
201206_E1_11-14,June_E_1_D_12_so_R1,June,Fen,1,D,2012,peat,20120600_E1D,,,7356f313-faed-424d-a3d4-db870a3fbbc9,201206_E1_11-14,6,2012,6/3/2012,2012-06,Fen,Eriophorum Autochamber Site,1,"N 68 21.1941, E 19 02.8114",['https://isogenie-db.asc.ohio-state.edu/images/raw/Eun-Hae_Kim/June2012/Erio_Core_1_June2012.png'],D,11,14,12.5,20120600_E1D,NA,NA,NA,NA,X,14,7,9.1,1.4,Sunny both days,NA,NA,NA,5.6,NA,NA,NA,0.34381009,2.187534916,NA,NA,-55.728375,-13.11781667,NA,-79.91199736,-9.807750454,NA,1.650634267,0.051464687,NA,NA,NA,NA,7.95,NA,1.75,18.17486494,NA,NA,41.556,1.093,-25.8679,1.5989625,NA,TRUE,TRUE,20200924,20200924,NA,notes_Suzanne: Acidified for DOC. 
201206_E2_01-04,June_E_2_S_12_so_R1,June,Fen,2,S,2012,peat,20120600_E2S,,,ed1142db-74e5-41b2-ba98-fd35e79d1c63,201206_E2_01-04,6,2012,6/3/2012,2012-06,Fen,Eriophorum Autochamber Site,2,"N 68 21.1986, E 19 02.7959",['https://isogenie-db.asc.ohio-state.edu/images/raw/Eun-Hae_Kim/June2012/Erio_Core_2_June2012.png'],S,1,4,2.5,20120600_E2S,NA,NA,NA,NA,NA,15,7,11.9,7.6,Sunny both days,NA,NA,NA,5.7,NA,NA,NA,NA,NA,NA,NA,NA,NA,NA,NA,NA,NA,NA,NA,NA,NA,NA,NA,NA,NA,NA,NA,NA,NA,41.553,2.034,-28.06786,3.357485,NA,NA,NA,20200924,20200924,NA,NA
201206_E2_05-08,June_E_2_M_12_so_R1,June,Fen,2,M,2012,peat,20120600_E2M,,,15a88d19-37e9-4f62-ac0d-5ef096c0ac04,201206_E2_05-08,6,2012,6/3/2012,2012-06,Fen,Eriophorum Autochamber Site,2,"N 68 21.1986, E 19 02.7959",['https://isogenie-db.asc.ohio-state.edu/images/raw/Eun-Hae_Kim/June2012/Erio_Core_2_June2012.png'],M,5,8,6.5,20120600_E2M,NA,NA,NA,NA,NA,15,7,11.9,7,Sunny both days,NA,NA,NA,5.8,NA,NA,NA,0.071259878,0.690190433,NA,NA,-56.192625,-13.39041667,NA,-85.54167122,-11.26374091,NA,1.169530968,0.045350839,NA,NA,NA,NA,14.65,NA,2.1,12.42878676,NA,NA,38.179,2.085,-27.72545,3.6299967,NA,TRUE,TRUE,20200924,20200924,NA,notes_Suzanne: Acidified for DOC. 
201206_E2_12-15,June_E_2_D_12_so_R1,June,Fen,2,D,2012,peat,20120600_E2D,,,b739de10-833e-42ea-939d-0de97eb042d2,201206_E2_12-15,6,2012,6/3/2012,2012-06,Fen,Eriophorum Autochamber Site,2,"N 68 21.1986, E 19 02.7959",['https://isogenie-db.asc.ohio-state.edu/images/raw/Eun-Hae_Kim/June2012/Erio_Core_2_June2012.png'],D,12,15,13.5,20120600_E2D,NA,NA,NA,NA,X,15,7,11.9,1.6,Sunny both days,NA,NA,NA,5.5,NA,NA,NA,0.623430848,1.778484926,NA,NA,-57.975125,-11.688,NA,-86.22878209,-11.61172895,NA,1.650634267,0.051464687,NA,NA,NA,NA,7.95,NA,1.75,18.17486494,NA,NA,40.808,1.616,-26.6245,2.1341282,NA,TRUE,TRUE,20200924,20200924,NA,notes_Suzanne: Acidified for DOC. 
201206_E3_01-04,June_E_3_S_12_so_R1,June,Fen,3,S,2012,peat,20120600_E3S,,,bb4afbc5-fc7f-4c1a-91d4-419be56aa66f,201206_E3_01-04,6,2012,6/3/2012,2012-06,Fen,Eriophorum Autochamber Site,3,"N 68 21.2012, E 19 02.8038",['https://isogenie-db.asc.ohio-state.edu/images/raw/Eun-Hae_Kim/June2012/Erio_Core_3_June2012.png'],S,1,4,2.5,20120600_E3S,NA,NA,NA,NA,NA,14,3.5,11.1,6.9,Sunny both days,NA,NA,NA,5.5,NA,NA,NA,NA,NA,NA,NA,NA,NA,NA,NA,NA,NA,NA,NA,NA,NA,NA,NA,NA,NA,NA,NA,NA,NA,42.417,1.984,-26.762725,3.748370633,NA,NA,NA,20200924,20200924,NA,NA
201206_E3_05-08,June_E_3_M_12_so_R1,June,Fen,3,M,2012,peat,20120600_E3M,,,933d5ea9-e029-414e-a1ad-9d02fc255044,201206_E3_05-08,6,2012,6/3/2012,2012-06,Fen,Eriophorum Autochamber Site,3,"N 68 21.2012, E 19 02.8038",['https://isogenie-db.asc.ohio-state.edu/images/raw/Eun-Hae_Kim/June2012/Erio_Core_3_June2012.png'],M,5,8,6.5,20120600_E3M,NA,NA,NA,NA,NA,14,3.5,11.1,3.6,Sunny both days,NA,NA,NA,5.6,NA,NA,NA,0.297296558,2.016818633,NA,NA,-44.36459091,-15.1243,NA,-85.76318757,-11.12697566,NA,1.169530968,0.045350839,NA,NA,NA,NA,14.65,NA,2.1,12.42878676,NA,NA,51.499,1.562,-26.20158,1.253905,NA,TRUE,TRUE,20200924,20200924,NA,notes_Suzanne: Acidified for DOC. 
201206_E3_11-14,June_E_3_D_12_so_R1,June,Fen,3,D,2012,peat,20120600_E3D,,,0390953a-8f34-4b78-a153-dec752207623,201206_E3_11-14,6,2012,6/3/2012,2012-06,Fen,Eriophorum Autochamber Site,3,"N 68 21.2012, E 19 02.8038",['https://isogenie-db.asc.ohio-state.edu/images/raw/Eun-Hae_Kim/June2012/Erio_Core_3_June2012.png'],D,11,14,12.5,20120600_E3D,NA,NA,NA,NA,X,14,3.5,11.1,1,Sunny both days,NA,NA,NA,5.6,NA,NA,NA,0.650763362,1.63405744,NA,NA,-55.384125,-11.28775,NA,-86.04072346,-11.37020496,NA,1.650634267,0.051464687,NA,NA,NA,NA,7.95,NA,1.75,18.17486494,NA,NA,38.662,1.005,-25.04534,0.82576,NA,TRUE,TRUE,20200924,20200924,NA,notes_Suzanne: Acidified for DOC. 
201207_P1_01-04,July_P_1_S_12_so_R1,July,Palsa,1,S,2012,peat,20120700_P1S,,,d7ca52c3-2e8f-44eb-97b2-6f7de2dae941,201207_P1_01-04,7,2012,7/20/2012,2012-07,Palsa,Palsa Autochamber Site,1,"N 68 21.2067, E 19 02.8396",['https://isogenie-db.asc.ohio-state.edu/images/raw/Carrie_McCalley/2012-07/Palsa_Core1_July2012.jpg'],S,1,4,2.5,20120700_P1S,NA,712 P-1-S,NA,NA,NA,37,NA,12.4,8.3,NA,NA,NA,NA,NA,NA,NA,NA,NA,NA,0,0.100017361,NA,-16.3715,NA,NA,NA,NA,NA,NA,NA,NA,NA,NA,NA,NA,NA,NA,NA,NA,47.58,0.752,-26.60801,-1.1732275,NA,NA,NA,20200703,20200924,NA,NA
201207_P1_16-19,July_P_1_M_12_so_R1,July,Palsa,1,M,2012,peat,20120700_P1M,,,96eb386b-500a-4fc2-896c-4873caa7f78c,201207_P1_16-19,7,2012,7/20/2012,2012-07,Palsa,Palsa Autochamber Site,1,"N 68 21.2067, E 19 02.8396",['https://isogenie-db.asc.ohio-state.edu/images/raw/Carrie_McCalley/2012-07/Palsa_Core1_July2012.jpg'],M,16,19,17.5,20120700_P1M,NA,712 P-1-M,NA,NA,NA,37,NA,12.4,5.8,NA,NA,NA,NA,NA,NA,NA,NA,NA,NA,0,0.264903125,NA,-19.8145,NA,NA,NA,NA,NA,NA,NA,NA,NA,NA,NA,NA,NA,NA,NA,NA,45.039,1.069,-26.32962,3.052505,NA,NA,NA,20200703,20200924,NA,NA
201207_P1_32-35,July_P_1_D_12_so_R1,July,Palsa,1,D,2012,peat,20120700_P1D,,,e82a814e-6229-478b-b037-32419cbb23dc,201207_P1_32-35,7,2012,7/20/2012,2012-07,Palsa,Palsa Autochamber Site,1,"N 68 21.2067, E 19 02.8396",['https://isogenie-db.asc.ohio-state.edu/images/raw/Carrie_McCalley/2012-07/Palsa_Core1_July2012.jpg'],D,32,35,33.5,20120700_P1D,NA,712 P-1-D,NA,NA,NA,37,NA,12.4,1.1,NA,NA,NA,NA,NA,NA,NA,NA,NA,NA,NA,NA,NA,NA,NA,NA,NA,NA,NA,NA,NA,NA,NA,NA,NA,NA,NA,NA,NA,NA,26.72,1.725,-28.08241,0.4277342,NA,NA,NA,20200703,20200923,Notes: could not pull pore gas from deep,NA
201207_P2_01-04,July_P_2_S_12_so_R1,July,Palsa,2,S,2012,peat,20120700_P2S,,,cfdc2377-e2d2-4ca5-868c-a217eed5c022,201207_P2_01-04,7,2012,7/20/2012,2012-07,Palsa,Palsa Autochamber Site,2,"N 68 21.2116, E 19 02.8408",['https://isogenie-db.asc.ohio-state.edu/images/raw/Carrie_McCalley/2012-07/Palsa_Core2_July2012.jpg'],S,1,4,2.5,20120700_P2S,NA,712 P-2-S,NA,NA,NA,40,NA,12.4,10.9,NA,NA,NA,NA,NA,NA,NA,NA,NA,NA,0,0.10873316,NA,-16.556,NA,NA,NA,NA,NA,NA,NA,NA,NA,NA,NA,NA,NA,NA,NA,NA,42.658,0.668,-27.32775,-0.4766063,NA,NA,NA,20200703,20200924,NA,NA
201207_P2_18-21,July_P_2_M_12_so_R1,July,Palsa,2,M,2012,peat,20120700_P2M,,,95896dc9-fc3f-4557-996a-26d402ac3709,201207_P2_18-21,7,2012,7/20/2012,2012-07,Palsa,Palsa Autochamber Site,2,"N 68 21.2116, E 19 02.8408",['https://isogenie-db.asc.ohio-state.edu/images/raw/Carrie_McCalley/2012-07/Palsa_Core2_July2012.jpg'],M,18,21,19.5,20120700_P2M,NA,712 P-2-M,NA,NA,NA,40,NA,12.4,6.4,NA,NA,NA,NA,NA,NA,NA,NA,NA,NA,0,0.261759722,NA,-19.1605,NA,NA,NA,NA,NA,NA,NA,NA,NA,NA,NA,NA,NA,NA,NA,NA,45.57,1.039,-26.53138,0.22974495,NA,NA,NA,20200703,20200924,NA,NA
201207_P2_35-38,July_P_2_D_12_so_R1,July,Palsa,2,D,2012,peat,20120700_P2D,,,f22f8236-5613-4206-81f6-febb2632ccea,201207_P2_35-38,7,2012,7/20/2012,2012-07,Palsa,Palsa Autochamber Site,2,"N 68 21.2116, E 19 02.8408",['https://isogenie-db.asc.ohio-state.edu/images/raw/Carrie_McCalley/2012-07/Palsa_Core2_July2012.jpg'],D,35,38,36.5,20120700_P2D,NA,712 P-2-D,NA,NA,NA,40,NA,12.4,1.2,NA,NA,NA,NA,NA,NA,NA,NA,NA,NA,0,1.098190625,NA,-21.4105,NA,NA,NA,NA,NA,NA,NA,NA,NA,NA,NA,NA,NA,NA,NA,NA,40.972,1.683,-26.45863,1.80414675,NA,NA,NA,20200703,20200924,NA,NA
201207_P3_01-04,July_P_3_S_12_so_R1,July,Palsa,3,S,2012,peat,20120700_P3S,,,0236e0cf-e3d1-4129-9fa2-1b8d36407245,201207_P3_01-04,7,2012,7/20/2012,2012-07,Palsa,Palsa Autochamber Site,3,"N 68 21.2077, E 19 02.8330",['https://isogenie-db.asc.ohio-state.edu/images/raw/Carrie_McCalley/2012-07/Palsa_Core3_July2012.jpg'],S,1,4,2.5,20120700_P3S,NA,712 P-3-S,NA,NA,NA,33,NA,12.8,8.9,NA,NA,NA,NA,NA,NA,NA,NA,NA,NA,0,0.080871181,NA,-15.1835,NA,NA,NA,NA,NA,NA,NA,NA,NA,NA,NA,NA,NA,NA,NA,NA,45.169,1.016,-26.3917,-0.2717511,NA,NA,NA,20200703,20200924,NA,NA
201207_P3_15-18,July_P_3_M_12_so_R1,July,Palsa,3,M,2012,peat,20120700_P3M,,,6d8e280a-9ac0-4e1e-b54d-40811241754c,201207_P3_15-18,7,2012,7/20/2012,2012-07,Palsa,Palsa Autochamber Site,3,"N 68 21.2077, E 19 02.8330",['https://isogenie-db.asc.ohio-state.edu/images/raw/Carrie_McCalley/2012-07/Palsa_Core3_July2012.jpg'],M,15,18,16.5,20120700_P3M,NA,712 P-3-M,NA,NA,NA,33,NA,12.8,6.1,NA,NA,NA,NA,NA,NA,NA,NA,NA,NA,0,0.151026215,NA,-18.151,NA,NA,NA,NA,NA,NA,NA,NA,NA,NA,NA,NA,NA,NA,NA,NA,44.227,0.999,-26.28888,1.7067238,NA,NA,NA,20200703,20200924,NA,NA
201207_S1_01-04,July_S_1_S_12_so_R1,July,Bog,1,S,2012,peat,20120700_S1S,,,df9b4f27-fdbe-4ae9-afc9-be37c7942018,201207_S1_01-04,7,2012,7/20/2012,2012-07,Bog,Sphagnum Autochamber Site,1,"N 68 21.1978, E 19 02.8539",['https://isogenie-db.asc.ohio-state.edu/images/raw/Carrie_McCalley/2012-07/Sphagnum_Core1_July2012.jpg'],S,1,4,2.5,20120700_S1S,NA,712 S-1-S,X,NA,X,135,0,12.6,10.7,NA,NA,NA,NA,4,NA,NA,NA,0.030259624,0.663058746,NA,NA,-68.0605,-18.48625,-315.63,-87.00777955,-12.18088272,NA,5.786045931,0.070539161,NA,NA,NA,NA,0.3,NA,2.2,0.707818991,NA,NA,44.424,0.454,-25.21315,-0.4878281,NA,FALSE,FALSE,20200703,20200924,NA,"notes_Suzanne: (note 1) If no water could be pulled below 33cm, then I don't understand why there are still pH values throughout this profile and vials labelled S1? (note 2) Acidified for DOC. If no water could be pulled below 33cm, then I don't understand why there are still pH values throughout this profile and vials labelled S1? | QualityFlag__.Biogeochemistry: Some 2011-2012 geochem was copied from Suzanne's geochem sheets, and there are known to be some copying errors. If there is a conflict between this sheet and those ones, Suzanne's sheet is more likely to be correct."
201207_S1_05-08,July_S_1_M_12_so_R1,July,Bog,1,M,2012,peat,20120700_S1M,,,8d718615-0fa9-4cd2-9787-3f06de33d32c,201207_S1_05-08,7,2012,7/20/2012,2012-07,Bog,Sphagnum Autochamber Site,1,"N 68 21.1978, E 19 02.8539",['https://isogenie-db.asc.ohio-state.edu/images/raw/Carrie_McCalley/2012-07/Sphagnum_Core1_July2012.jpg'],M,5,8,6.5,20120700_S1M,NA,712 S-1-M,X,NA,X,135,0,12.6,9.5,NA,NA,NA,NA,4.2,NA,NA,NA,0.095219231,1.785909135,NA,NA,-65.025,-16.06425,NA,-87.60225265,-12.52983165,NA,5.266869709,0.071483695,NA,NA,NA,NA,0.25,NA,0,1.370756908,NA,NA,41.864,0.549,-25.06086,-1.04708175,NA,FALSE,FALSE,20200703,20200924,NA,"notes_Suzanne: (note 1) If no water could be pulled below 33cm, then I don't understand why there are still pH values throughout this profile and vials labelled S1? (note 2) Acidified for DOC. If no water could be pulled below 33cm, then I don't understand why there are still pH values throughout this profile and vials labelled S1? | QualityFlag__.Biogeochemistry: Some 2011-2012 geochem was copied from Suzanne's geochem sheets, and there are known to be some copying errors. If there is a conflict between this sheet and those ones, Suzanne's sheet is more likely to be correct."
201207_S1_11-14,July_S_1_D_12_so_R1,July,Bog,1,D,2012,peat,20120700_S1D,,,5f69e160-100b-40b3-802e-da4ef3c76020,201207_S1_11-14,7,2012,7/20/2012,2012-07,Bog,Sphagnum Autochamber Site,1,"N 68 21.1978, E 19 02.8539",['https://isogenie-db.asc.ohio-state.edu/images/raw/Carrie_McCalley/2012-07/Sphagnum_Core1_July2012.jpg'],D,11,14,12.5,20120700_S1D,NA,712 S-1-D,X,NA,X,135,0,12.6,9.3,NA,NA,NA,NA,4.3,NA,NA,NA,0.144318506,2.276787021,NA,NA,-62.4725,-14.49425,-319.571,-87.45555731,-12.53497187,NA,5.270330884,0.071933996,NA,NA,NA,NA,0.3,NA,0,1.444248498,NA,NA,42.116,0.884,-24.37313,-0.09634005,NA,FALSE,FALSE,20200703,20200924,NA,"notes_Suzanne: (note 1) Acidified for DOC. If no water could be pulled below 33cm, then I don't understand why there are still pH values throughout this profile and vials labelled S1? (note 2) If no water could be pulled below 33cm, then I don't understand why there are still pH values throughout this profile and vials labelled S1? | QualityFlag__.Biogeochemistry: Some 2011-2012 geochem was copied from Suzanne's geochem sheets, and there are known to be some copying errors. If there is a conflict between this sheet and those ones, Suzanne's sheet is more likely to be correct."
201207_S2_01-04,July_S_2_S_12_so_R1,July,Bog,2,S,2012,peat,20120700_S2S,,,1317e01e-8051-41ac-a5c3-dd566da81908,201207_S2_01-04,7,2012,7/20/2012,2012-07,Bog,Sphagnum Autochamber Site,2,"N 68 21.1962, E 19 02.8503",['https://isogenie-db.asc.ohio-state.edu/images/raw/Carrie_McCalley/2012-07/Sphagnum_Core2_July2012.jpg'],S,1,4,2.5,20120700_S2S,NA,NA,X,NA,NA,45,3,11.8,11.1,NA,NA,NA,NA,4,NA,NA,NA,0.007077184,0.605225927,NA,NA,NA,-20.02275,NA,NA,NA,NA,NA,NA,NA,NA,NA,NA,NA,NA,NA,NA,NA,NA,42.067,0.439,-25.81649,-1.5740041,NA,FALSE,FALSE,20200703,20200924,NA,"QualityFlag__.Biogeochemistry: Some 2011-2012 geochem was copied from Suzanne's geochem sheets, and there are known to be some copying errors. If there is a conflict between this sheet and those ones, Suzanne's sheet is more likely to be correct."
201207_S2_05-08,July_S_2_M_12_so_R1,July,Bog,2,M,2012,peat,20120700_S2M,,,042e7a06-a8b0-40c3-802c-55454ab818a8,201207_S2_05-08,7,2012,7/20/2012,2012-07,Bog,Sphagnum Autochamber Site,2,"N 68 21.1962, E 19 02.8503",['https://isogenie-db.asc.ohio-state.edu/images/raw/Carrie_McCalley/2012-07/Sphagnum_Core2_July2012.jpg'],M,5,8,6.5,20120700_S2M,NA,NA,X,NA,NA,45,3,11.8,9.8,NA,NA,NA,NA,4.1,NA,NA,NA,0.0506603,1.998615589,NA,NA,-63.515,-17.31725,NA,NA,NA,NA,NA,NA,NA,NA,NA,NA,NA,NA,NA,NA,NA,NA,43.941,0.827,-25.04049,-0.617792,NA,FALSE,FALSE,20200703,20200924,NA,"QualityFlag__.Biogeochemistry: Some 2011-2012 geochem was copied from Suzanne's geochem sheets, and there are known to be some copying errors. If there is a conflict between this sheet and those ones, Suzanne's sheet is more likely to be correct."
201207_S2_11-14,July_S_2_D_12_so_R1,July,Bog,2,D,2012,peat,20120700_S2D,,,4b7e94c6-0f43-416b-be5c-dbf963aa183a,201207_S2_11-14,7,2012,7/20/2012,2012-07,Bog,Sphagnum Autochamber Site,2,"N 68 21.1962, E 19 02.8503",['https://isogenie-db.asc.ohio-state.edu/images/raw/Carrie_McCalley/2012-07/Sphagnum_Core2_July2012.jpg'],D,11,14,12.5,20120700_S2D,NA,712 S-2-D,X,NA,X,45,3,11.8,8.1,NA,NA,NA,NA,4.1,NA,NA,NA,0.108595351,2.539136521,NA,NA,-61.658,-13.80075,NA,NA,NA,NA,NA,NA,NA,NA,NA,NA,NA,NA,NA,NA,NA,NA,41.795,0.941,-24.27516,-0.3191965,NA,FALSE,FALSE,20200703,20200924,NA,"QualityFlag__.Biogeochemistry: Some 2011-2012 geochem was copied from Suzanne's geochem sheets, and there are known to be some copying errors. If there is a conflict between this sheet and those ones, Suzanne's sheet is more likely to be correct."
201207_S3_01-04,July_S_3_S_12_so_R1,July,Bog,3,S,2012,peat,20120700_S3S,,,a8797759-ddc0-4e63-ac57-cf8752dad167,201207_S3_01-04,7,2012,7/20/2012,2012-07,Bog,Sphagnum Autochamber Site,3,"N 68 21.2006, E 19 02.8536",['https://isogenie-db.asc.ohio-state.edu/images/raw/Carrie_McCalley/2012-07/Sphagnum_Core3_July2012.jpg'],S,1,4,2.5,20120700_S3S,NA,712 S-3-S,X,NA,NA,Below Detection (>160),0,11.6,11.8,NA,NA,NA,NA,4,NA,NA,NA,0,0.318783152,NA,NA,NA,-19.60375,NA,NA,NA,NA,NA,NA,NA,NA,NA,NA,NA,NA,NA,NA,NA,NA,42.586,0.566,-25.95714,-1.1785866,NA,FALSE,FALSE,20200703,20200924,"Notes: ALD probe hits firm substrate at about 1m, dont want to probe deeper for fear of breaking probe","QualityFlag__.Biogeochemistry: Some 2011-2012 geochem was copied from Suzanne's geochem sheets, and there are known to be some copying errors. If there is a conflict between this sheet and those ones, Suzanne's sheet is more likely to be correct."
201207_E1_01-04,July_E_1_S_12_so_R1,July,Fen,1,S,2012,peat,20120700_E1S,,,babf95e6-0c15-42d8-b2ed-b0f47b2dec71,201207_E1_01-04,7,2012,7/20/2012,2012-07,Fen,Eriophorum Autochamber Site,1,"N 68 21.1942, E 19 02.8058",['https://isogenie-db.asc.ohio-state.edu/images/raw/Carrie_McCalley/2012-07/Eriophorum_Core1_July2012.jpg'],S,1,4,2.5,20120700_E1S,NA,NA,NA,NA,X,Below Detection (>265),15,12.8,12.4,NA,NA,NA,NA,5.8,NA,NA,NA,0.009439749,0.747767737,NA,NA,-59.967,-18.11204167,-353.977,-86.1808826,-11.59559773,NA,0.796416324,0.017069717,NA,NA,NA,NA,1.5,NA,1.3,0,NA,NA,NA,NA,NA,NA,NA,FALSE,FALSE,20200703,20200924,NA,"notes_Suzanne: Acidified for DOC.  | QualityFlag__.Biogeochemistry: Some 2011-2012 geochem was copied from Suzanne's geochem sheets, and there are known to be some copying errors. If there is a conflict between this sheet and those ones, Suzanne's sheet is more likely to be correct."
201207_E1_05-08,July_E_1_M_12_so_R2,July,Fen,1,M,2012,peat,20120700_E1M,,,d783f71e-cdb6-4424-a083-1b6b843eeeea,201207_E1_05-08,7,2012,7/20/2012,2012-07,Fen,Eriophorum Autochamber Site,1,"N 68 21.1942, E 19 02.8058",['https://isogenie-db.asc.ohio-state.edu/images/raw/Carrie_McCalley/2012-07/Eriophorum_Core1_July2012.jpg'],M,5,8,6.5,20120700_E1M,NA,712 E-1-M,X,NA,X,Below Detection (>265),15,12.8,12,NA,NA,NA,NA,5.8,NA,NA,NA,0.01899387,0.966112096,NA,NA,-58.606,-19.23983333,-359.143,-85.80884492,-11.06847603,NA,0.784532957,0.017736016,NA,NA,NA,NA,1.95,NA,0,0.190317,NA,NA,42.424,0.826,-25.3593575,1.84665115,NA,FALSE,FALSE,20200703,20200924,NA,"notes_Suzanne: Acidified for DOC.  | QualityFlag__.Biogeochemistry: Some 2011-2012 geochem was copied from Suzanne's geochem sheets, and there are known to be some copying errors. If there is a conflict between this sheet and those ones, Suzanne's sheet is more likely to be correct."
201207_E1_24-27,July_E_1_D_12_so_R1,July,Fen,1,D,2012,peat,20120700_E1D,,,308f22b8-8488-4bfd-ba11-2245a1b94f18,201207_E1_24-27,7,2012,7/20/2012,2012-07,Fen,Eriophorum Autochamber Site,1,"N 68 21.1942, E 19 02.8058",['https://isogenie-db.asc.ohio-state.edu/images/raw/Carrie_McCalley/2012-07/Eriophorum_Core1_July2012.jpg'],D,24,27,25.5,20120700_E1D,NA,712 E-1-D,X,NA,X,Below Detection (>265),15,12.8,12.3,NA,NA,NA,NA,5.7,NA,NA,NA,0.032601045,1.073331768,NA,NA,-59.3155,-18.78483333,-359.997,-85.47185046,-11.28617322,NA,0.806453731,0.020463452,NA,NA,NA,NA,0.4,NA,0.6,0,NA,NA,44.862,1.338,-25.9387111,1.928954433,NA,FALSE,FALSE,20200703,20200924,NA,"notes_Suzanne: Acidified for DOC.  | QualityFlag__.Biogeochemistry: Some 2011-2012 geochem was copied from Suzanne's geochem sheets, and there are known to be some copying errors. If there is a conflict between this sheet and those ones, Suzanne's sheet is more likely to be correct."
201207_E2_01-04,July_E_2_S_12_so_R1,July,Fen,2,S,2012,peat,20120700_E2S,,,267a53e9-d7ed-41cb-9653-1beeed27c5e3,201207_E2_01-04,7,2012,7/20/2012,2012-07,Fen,Eriophorum Autochamber Site,2,"N 68 21.1982, E 19 02.8005",['https://isogenie-db.asc.ohio-state.edu/images/raw/Carrie_McCalley/2012-07/Eriophorum_Core2_July2012.jpg'],S,1,4,2.5,20120700_E2S,NA,712 E-2-S,NA,NA,NA,Below Detection (>235),5,13.1,12,NA,NA,NA,NA,5.5,NA,NA,NA,0.161735919,2.976064353,NA,NA,-49.122,-14.83575,NA,NA,NA,NA,NA,NA,NA,NA,NA,NA,NA,NA,NA,NA,NA,NA,49.841,NA,-26.5682056,NA,NA,FALSE,FALSE,20200703,20200924,NA,"QualityFlag__.Biogeochemistry: Some 2011-2012 geochem was copied from Suzanne's geochem sheets, and there are known to be some copying errors. If there is a conflict between this sheet and those ones, Suzanne's sheet is more likely to be correct."
201207_E2_24-27,July_E_2_D_12_so_R1,July,Fen,2,D,2012,peat,20120700_E2D,,,3d93af4f-8772-4e2b-853f-ab8177275310,201207_E2_24-27,7,2012,7/20/2012,2012-07,Fen,Eriophorum Autochamber Site,2,"N 68 21.1982, E 19 02.8005",['https://isogenie-db.asc.ohio-state.edu/images/raw/Carrie_McCalley/2012-07/Eriophorum_Core2_July2012.jpg'],D,24,27,25.5,20120700_E2D,NA,712 E-2-D,X,NA,NA,Below Detection (>235),5,13.1,9.3,NA,NA,NA,NA,5.6,NA,NA,NA,0.314501172,2.220846002,NA,NA,-52.776,-12.26033333,NA,NA,NA,NA,NA,NA,NA,NA,NA,NA,NA,NA,NA,NA,NA,NA,43.9,1.059,-24.74383025,-0.2257034,NA,FALSE,FALSE,20200703,20200924,NA,"QualityFlag__.Biogeochemistry: Some 2011-2012 geochem was copied from Suzanne's geochem sheets, and there are known to be some copying errors. If there is a conflict between this sheet and those ones, Suzanne's sheet is more likely to be correct."
201207_E3_01-04,July_E_3_S_12_so_R1,July,Fen,3,S,2012,peat,20120700_E3S,,,99fa71a2-e3e4-4eea-a478-f63d5bab6552,201207_E3_01-04,7,2012,7/20/2012,2012-07,Fen,Eriophorum Autochamber Site,3,"N 68 21.2022, E 19 02.8055",['https://isogenie-db.asc.ohio-state.edu/images/raw/Carrie_McCalley/2012-07/Eriophorum_Core3_July2012.jpg'],S,1,4,2.5,20120700_E3S,NA,712 E-3-S,X,NA,NA,Below Detection (>235),4,11.6,12.7,NA,NA,NA,NA,6,NA,NA,NA,0.040335575,0.827464407,NA,NA,-58.555,-17.73466667,NA,NA,NA,NA,NA,NA,NA,NA,NA,NA,NA,NA,NA,NA,NA,NA,39.321,1.298,-26.66981745,2.325159967,NA,FALSE,FALSE,20200703,20200924,NA,"QualityFlag__.Biogeochemistry: Some 2011-2012 geochem was copied from Suzanne's geochem sheets, and there are known to be some copying errors. If there is a conflict between this sheet and those ones, Suzanne's sheet is more likely to be correct."
201207_E3_05-08,July_E_3_M_12_so_R1,July,Fen,3,M,2012,peat,20120700_E3M,,,556a4639-5bdb-4d70-91cc-3067835789b4,201207_E3_05-08,7,2012,7/20/2012,2012-07,Fen,Eriophorum Autochamber Site,3,"N 68 21.2022, E 19 02.8055",['https://isogenie-db.asc.ohio-state.edu/images/raw/Carrie_McCalley/2012-07/Eriophorum_Core3_July2012.jpg'],M,5,8,6.5,20120700_E3M,NA,712 E-3-M,NA,NA,NA,Below Detection (>235),4,11.6,12.7,NA,NA,NA,NA,5.9,NA,NA,NA,0.080951976,0.995441865,NA,NA,-56.862,-18.13733333,NA,NA,NA,NA,NA,NA,NA,NA,NA,NA,NA,NA,NA,NA,NA,NA,38.743,NA,-27.0047605,NA,NA,FALSE,FALSE,20200703,20200924,NA,"QualityFlag__.Biogeochemistry: Some 2011-2012 geochem was copied from Suzanne's geochem sheets, and there are known to be some copying errors. If there is a conflict between this sheet and those ones, Suzanne's sheet is more likely to be correct."
201207_E3_24-27,July_E_3_D_12_so_R1,July,Fen,3,D,2012,peat,20120700_E3D,,,8df5ce3b-c597-40c2-aa2c-9c9f232b1fbe,201207_E3_24-27,7,2012,7/20/2012,2012-07,Fen,Eriophorum Autochamber Site,3,"N 68 21.2022, E 19 02.8055",['https://isogenie-db.asc.ohio-state.edu/images/raw/Carrie_McCalley/2012-07/Eriophorum_Core3_July2012.jpg'],D,24,27,25.5,20120700_E3D,NA,712 E-3-D,NA,NA,NA,Below Detection (>235),4,11.6,12.2,NA,NA,NA,NA,5.9,NA,NA,NA,0.10860954,1.291257672,NA,NA,-54.11655556,-17.69053333,NA,NA,NA,NA,NA,NA,NA,NA,NA,NA,NA,NA,NA,NA,NA,NA,42.469,0.985,-24.665219,-0.199684667,NA,FALSE,FALSE,20200703,20200924,NA,"QualityFlag__.Biogeochemistry: Some 2011-2012 geochem was copied from Suzanne's geochem sheets, and there are known to be some copying errors. If there is a conflict between this sheet and those ones, Suzanne's sheet is more likely to be correct."
201208_P1_01-04,Aug_P_1_S_12_so_R1,August,Palsa,1,S,2012,peat,20120800_P1S,,,40173064-68aa-477a-abc5-4a8bcf20ab3a,201208_P1_01-04,8,2012,8/23/2012,2012-08,Palsa,Palsa Autochamber Site,1,"N 68 21.2076, E 19 02.8411",['https://isogenie-db.asc.ohio-state.edu/images/raw/Carrie_McCalley/2012-08/Palsa_Core1_Aug2012.jpg'],S,1,4,2.5,20120800_P1S,NA,NA,NA,NA,NA,45,NA,13.8,7.6,"Mostly cloudy with some rain on both days, but did not rain at all during coring.",NA,NA,NA,NA,NA,NA,NA,NA,NA,0,0.094620359,NA,-16.8102,NA,NA,NA,NA,NA,NA,NA,NA,NA,NA,NA,NA,NA,NA,NA,NA,46.936,0.946,-27.66966633,-2.097473775,NA,NA,NA,20200703,20200924,"Notes: Active layer was 45cm, but core only went down to 40cm.",NA
201208_P1_21-24,Aug_P_1_M_12_so_R1,August,Palsa,1,M,2012,peat,20120800_P1M,,,a985602e-c182-4412-8d68-d2ce0778dece,201208_P1_21-24,8,2012,8/23/2012,2012-08,Palsa,Palsa Autochamber Site,1,"N 68 21.2076, E 19 02.8411",['https://isogenie-db.asc.ohio-state.edu/images/raw/Carrie_McCalley/2012-08/Palsa_Core1_Aug2012.jpg'],M,21,24,22.5,20120800_P1M,NA,NA,NA,NA,NA,45,NA,13.8,4.5,"Mostly cloudy with some rain on both days, but did not rain at all during coring.",NA,NA,NA,NA,NA,NA,NA,NA,NA,0,0.199193165,NA,-19.7052,NA,NA,NA,NA,NA,NA,NA,NA,NA,NA,NA,NA,NA,NA,NA,NA,39.398,1.308,-26.0438774,0.910077467,NA,NA,NA,20200703,20200924,NA,NA
201208_P1_37-40,Aug_P_1_D_12_so_R1,August,Palsa,1,D,2012,peat,20120800_P1D,,,1d31a11a-e04c-42d2-957c-d350b6bb8536,201208_P1_37-40,8,2012,8/23/2012,2012-08,Palsa,Palsa Autochamber Site,1,"N 68 21.2076, E 19 02.8411",['https://isogenie-db.asc.ohio-state.edu/images/raw/Carrie_McCalley/2012-08/Palsa_Core1_Aug2012.jpg'],D,37,40,38.5,20120800_P1D,NA,NA,NA,NA,NA,45,NA,13.8,1.2,"Mostly cloudy with some rain on both days, but did not rain at all during coring.",NA,NA,NA,NA,NA,NA,NA,NA,NA,NA,NA,NA,NA,NA,NA,NA,NA,NA,NA,NA,NA,NA,NA,NA,NA,NA,NA,NA,NA,46.872,1.523,-25.15338905,1.035216167,NA,NA,NA,20200703,20200923,NA,NA
201208_P2_01-04,Aug_P_2_S_12_so_R1,August,Palsa,2,S,2012,peat,20120800_P2S,,,eed580e8-1973-439f-bccd-3b78e3375638,201208_P2_01-04,8,2012,8/23/2012,2012-08,Palsa,Palsa Autochamber Site,2,"N 68 21.2095, E 19 02.8418",['https://isogenie-db.asc.ohio-state.edu/images/raw/Carrie_McCalley/2012-08/Palsa_Core2_Aug2012.jpg'],S,1,4,2.5,20120800_P2S,NA,NA,NA,NA,NA,45,NA,11.8,8.7,"Mostly cloudy with some rain on both days, but did not rain at all during coring.",NA,NA,NA,NA,NA,NA,NA,NA,NA,0,0.055387527,NA,-11.6117,NA,NA,NA,NA,NA,NA,NA,NA,NA,NA,NA,NA,NA,NA,NA,NA,44.937,0.65,-26.3530444,-1.0785814,NA,NA,NA,20200703,20200924,NA,NA
201208_P2_21-24,Aug_P_2_M_12_so_R1,August,Palsa,2,M,2012,peat,20120800_P2M,,,1ef9839d-7ac1-4185-af5c-64b605ed9f78,201208_P2_21-24,8,2012,8/23/2012,2012-08,Palsa,Palsa Autochamber Site,2,"N 68 21.2095, E 19 02.8418",['https://isogenie-db.asc.ohio-state.edu/images/raw/Carrie_McCalley/2012-08/Palsa_Core2_Aug2012.jpg'],M,21,24,22.5,20120800_P2M,NA,NA,NA,NA,NA,45,NA,11.8,5,"Mostly cloudy with some rain on both days, but did not rain at all during coring.",NA,NA,NA,NA,NA,NA,NA,NA,NA,0,0.26265804,NA,-19.9577,NA,NA,NA,NA,NA,NA,NA,NA,NA,NA,NA,NA,NA,NA,NA,NA,47.133,1.276,-25.1710397,3.6464271,NA,NA,NA,20200703,20200924,NA,NA
201208_P2_41-44,Aug_P_2_D_12_so_R1,August,Palsa,2,D,2012,peat,20120800_P2D,,,391caa24-8f6b-4e94-966b-52aad5e93906,201208_P2_41-44,8,2012,8/23/2012,2012-08,Palsa,Palsa Autochamber Site,2,"N 68 21.2095, E 19 02.8418",['https://isogenie-db.asc.ohio-state.edu/images/raw/Carrie_McCalley/2012-08/Palsa_Core2_Aug2012.jpg'],D,41,44,42.5,20120800_P2D,NA,NA,NA,NA,NA,45,NA,11.8,1.2,"Mostly cloudy with some rain on both days, but did not rain at all during coring.",NA,NA,NA,NA,NA,NA,NA,NA,NA,0,0.801388287,NA,-21.9587,NA,NA,NA,NA,NA,NA,NA,NA,NA,NA,NA,NA,NA,NA,NA,NA,52.501,1.756,-25.4696851,1.70756,NA,NA,NA,20200703,20200924,NA,NA
201208_P3_21-24,Aug_P_3_M_12_so_R1,August,Palsa,3,M,2012,peat,20120800_P3M,,,cb65d5d5-0411-46a0-b1a2-7cef88d3aba5,201208_P3_21-24,8,2012,8/23/2012,2012-08,Palsa,Palsa Autochamber Site,3,"N 68 21.2088, E 19 02.8338",['https://isogenie-db.asc.ohio-state.edu/images/raw/Carrie_McCalley/2012-08/Palsa_Core3_Aug2012.jpg'],M,21,24,22.5,20120800_P3M,NA,NA,NA,NA,NA,45,NA,11.8,4.1,"Mostly cloudy with some rain on both days, but did not rain at all during coring.",NA,NA,NA,NA,NA,NA,NA,NA,NA,0,0.124910413,NA,-17.2837,NA,NA,NA,NA,NA,NA,NA,NA,NA,NA,NA,NA,NA,NA,NA,NA,47.07,1.08,-26.1620859,1.9964738,NA,NA,NA,20200703,20200924,NA,NA
201208_S1_01-04,Aug_S_1_S_12_so_R1,August,Bog,1,S,2012,peat,20120800_S1S,,,67ff6385-e633-4b7c-a82d-cdca1ce58492,201208_S1_01-04,8,2012,8/23/2012,2012-08,Bog,Sphagnum Autochamber Site,1,"N 68 21.1964, E 19 02.8512",['https://isogenie-db.asc.ohio-state.edu/images/raw/Carrie_McCalley/2012-08/Sphagnum_Core1_Aug2012.jpg'],S,1,4,2.5,20120800_S1S,NA,NA,X,NA,NA,117,-11,13.1,10.9,"Mostly cloudy with some rain on both days, but did not rain at all during coring.",NA,NA,NA,NA,NA,NA,NA,NA,NA,NA,NA,NA,NA,NA,NA,NA,NA,NA,NA,NA,NA,NA,NA,NA,NA,NA,NA,NA,NA,44.95,0.539,-25.3469932,-1.1511143,NA,NA,NA,20200703,20200924,NA,notes_Suzanne: Sent to PNNL; leftover peat marked by placing in vial with purple cap. This vial still needs FT-IR and should possibly be re-run for C/N.
201208_S1_11-14,Aug_S_1_M_12_so_R1,August,Bog,1,M,2012,peat,20120800_S1M,,,15352328-d83f-45f1-9dc1-2326fa337a89,201208_S1_11-14,8,2012,8/23/2012,2012-08,Bog,Sphagnum Autochamber Site,1,"N 68 21.1964, E 19 02.8512",['https://isogenie-db.asc.ohio-state.edu/images/raw/Carrie_McCalley/2012-08/Sphagnum_Core1_Aug2012.jpg'],M,11,14,12.5,20120800_S1M,NA,NA,X,X,X,117,-11,13.1,9.1,"Mostly cloudy with some rain on both days, but did not rain at all during coring.",55.7,329,NA,4.2,NA,NA,NA,0.037442,1.135941523,NA,NA,-62.26458333,-18.098,-315.619,-86.30609494,-12.0915695,NA,5.084876058,0.074261243,4.0208,NA,NA,NA,0.25,1.2882,0.35,5.532131114,NA,NA,47.652,1.168,-24.5261939,0.498839,NA,FALSE,FALSE,20200703,20200924,NA,notes_Suzanne: (note 1) Acidified for DOC.  (note 2) Sent to PNNL; leftover peat marked by placing in vial with purple cap. This vial should be re-run for FT-IR and possibly C/N.
201208_S1_16-19,Aug_S_1_D_12_so_R1,August,Bog,1,D,2012,peat,20120800_S1D,,,699c42e1-5e3a-4f0f-8749-bc4f4ae4dfe8,201208_S1_16-19,8,2012,8/23/2012,2012-08,Bog,Sphagnum Autochamber Site,1,"N 68 21.1964, E 19 02.8512",['https://isogenie-db.asc.ohio-state.edu/images/raw/Carrie_McCalley/2012-08/Sphagnum_Core1_Aug2012.jpg'],D,16,19,17.5,20120800_S1D,NA,NA,X,NA,NA,117,-11,13.1,9.2,"Mostly cloudy with some rain on both days, but did not rain at all during coring.",180.8,353,NA,3.8,NA,NA,NA,0.13715186,2.520231988,NA,NA,-62.45558333,-15.80075,-322.005,-88.27085193,-12.24788904,NA,5.304777709,0.078467078,5.7138,NA,NA,NA,77.8,6.0374,1.9,3.000438589,NA,NA,42.017,0.789,-23.0605488,-0.3647178,NA,FALSE,FALSE,20200703,20200924,NA,"notes_Suzanne: (note 1) Acidified for DOC.  (note 2) More peat was ground and sent to PNNL; leftover peat was marked by placing it in an EXTRA vial with a purple cap. This vial should be re-run for FT-IR and possibly C/N, since it differs from the original vial."
201208_S2_10-13,Aug_S_2_M_12_so_R1,August,Bog,2,M,2012,peat,20120800_S2M,,,84814433-2fa0-4108-ac1c-776115b9be5f,201208_S2_10-13,8,2012,8/23/2012,2012-08,Bog,Sphagnum Autochamber Site,2,"N 68 21.1983, E 19 02.8499",['https://isogenie-db.asc.ohio-state.edu/images/raw/Carrie_McCalley/2012-08/Sphagnum_Core2_Aug2012.jpg'],M,10,13,11.5,20120800_S2M,NA,NA,X,NA,NA,106,-10,15,9.2,"Mostly cloudy with some rain on both days, but did not rain at all during coring.",NA,NA,NA,4.4,NA,NA,NA,0.110012042,2.905816769,NA,NA,-73.61883333,-13.7415,NA,NA,NA,NA,NA,NA,NA,NA,NA,NA,NA,NA,NA,NA,NA,NA,43.651,0.666,-23.8528151,-0.2037915,NA,FALSE,FALSE,20200703,20200924,NA,NA
201208_S2_15-18,Aug_S_2_D_12_so_R1,August,Bog,2,D,2012,peat,20120800_S2D,,,0a26e54e-3913-4efc-8cb0-758590f8841f,201208_S2_15-18,8,2012,8/23/2012,2012-08,Bog,Sphagnum Autochamber Site,2,"N 68 21.1983, E 19 02.8499",['https://isogenie-db.asc.ohio-state.edu/images/raw/Carrie_McCalley/2012-08/Sphagnum_Core2_Aug2012.jpg'],D,15,18,16.5,20120800_S2D,NA,NA,X,NA,NA,106,-10,15,9,"Mostly cloudy with some rain on both days, but did not rain at all during coring.",NA,NA,NA,4.4,NA,NA,NA,0.13956899,3.430953752,NA,NA,-60.66883333,-16.4145,NA,NA,NA,NA,NA,NA,NA,NA,NA,NA,NA,NA,NA,NA,NA,NA,44.239,0.641,-25.0968539,-0.7236398,NA,FALSE,FALSE,20200703,20200924,NA,NA
201208_S3_01-04,Aug_S_3_S_12_so_R1,August,Bog,3,S,2012,peat,20120800_S3S,,,953ca3e6-faf7-4cda-abc5-fa3991a51333,201208_S3_01-04,8,2012,8/23/2012,2012-08,Bog,Sphagnum Autochamber Site,3,"N 68 21.2029, E 19 02.8556",['https://isogenie-db.asc.ohio-state.edu/images/raw/Carrie_McCalley/2012-08/Sphagnum_Core3_Aug2012.jpg'],S,1,4,2.5,20120800_S3S,NA,NA,NA,NA,NA,Below Detection (>=90),-10,14.6,13.5,"Mostly cloudy with some rain on both days, but did not rain at all during coring.",NA,NA,NA,NA,NA,NA,NA,NA,NA,NA,NA,NA,NA,NA,NA,NA,NA,NA,NA,NA,NA,NA,NA,NA,NA,NA,NA,NA,NA,45.2,0.285,-26.2362717,-1.42479625,NA,NA,NA,20200703,20200924,"Notes: Coring site actually had more E. vaginatum and a thin Carex species than Sphagnum. ALD may be =90cm, but it is hard to tell.",NA
201208_E1_01-04,Aug_E_1_S_12_so_R1,August,Fen,1,S,2012,peat,20120800_E1S,,,6c76aec4-ff22-4658-8acb-46266fb53a7b,201208_E1_01-04,8,2012,8/23/2012,2012-08,Fen,Eriophorum Autochamber Site,1,"N 68 21.1965, E 19 02.8126",['https://isogenie-db.asc.ohio-state.edu/images/raw/Carrie_McCalley/2012-08/Eriophorum_Core1_Aug2012.jpg'],S,1,4,2.5,20120800_E1S,NA,NA,X,NA,NA,Below Detection (>265),0,12.3,9.9,"Mostly cloudy with some rain on both days, but did not rain at all during coring.",NA,NA,NA,5.7,NA,NA,NA,NA,NA,NA,NA,NA,NA,NA,NA,NA,NA,NA,NA,NA,NA,NA,NA,NA,NA,NA,NA,NA,NA,42.702,1.319,-26.4797533,1.7537469,NA,FALSE,FALSE,20200703,20200924,NA,NA
201208_E1_05-08,Aug_E_1_M_12_so_R1,August,Fen,1,M,2012,peat,20120800_E1M,,,f132e5ce-06fb-4a39-8126-e7b53ba428ac,201208_E1_05-08,8,2012,8/23/2012,2012-08,Fen,Eriophorum Autochamber Site,1,"N 68 21.1965, E 19 02.8126",['https://isogenie-db.asc.ohio-state.edu/images/raw/Carrie_McCalley/2012-08/Eriophorum_Core1_Aug2012.jpg'],M,5,8,6.5,20120800_E1M,NA,NA,X,NA,NA,Below Detection (>265),0,12.3,9.8,"Mostly cloudy with some rain on both days, but did not rain at all during coring.",NA,NA,NA,5.7,NA,NA,NA,0.377829355,5.092348756,NA,NA,-52.33675,-14.78013333,NA,NA,NA,NA,NA,NA,NA,NA,NA,NA,NA,NA,NA,NA,NA,NA,41.056,1.359,-26.419834,1.8412072,NA,FALSE,FALSE,20200703,20200924,NA,NA
201208_E1_24-27,Aug_E_1_D_12_so_R1,August,Fen,1,D,2012,peat,20120800_E1D,,,3ce2fc86-7917-4b01-8514-5e086a05ad2d,201208_E1_24-27,8,2012,8/23/2012,2012-08,Fen,Eriophorum Autochamber Site,1,"N 68 21.1965, E 19 02.8126",['https://isogenie-db.asc.ohio-state.edu/images/raw/Carrie_McCalley/2012-08/Eriophorum_Core1_Aug2012.jpg'],D,24,27,25.5,20120800_E1D,NA,NA,X,NA,NA,Below Detection (>265),0,12.3,9.8,"Mostly cloudy with some rain on both days, but did not rain at all during coring.",NA,NA,NA,5.5,NA,NA,NA,0.67326597,4.239668279,NA,NA,-55.67716667,-9.445583333,NA,NA,NA,NA,NA,NA,NA,NA,NA,NA,NA,NA,NA,NA,NA,NA,45.883,1.044,-24.9608466,2.3738306,NA,FALSE,FALSE,20200703,20200924,NA,NA
201208_E2_01-04,Aug_E_2_S_12_so_R1,August,Fen,2,S,2012,peat,20120800_E2S,,,37deceab-e0db-408c-9c65-a76fe42e5a24,201208_E2_01-04,8,2012,8/23/2012,2012-08,Fen,Eriophorum Autochamber Site,2,"N 68 21.1986, E 19 02.7991",['https://isogenie-db.asc.ohio-state.edu/images/raw/Carrie_McCalley/2012-08/Eriophorum_Core2_Aug2012.jpg'],S,1,4,2.5,20120800_E2S,NA,NA,NA,NA,NA,Below Detection (>235),0,12.6,10.2,"Mostly cloudy with some rain on both days, but did not rain at all during coring.",NA,NA,NA,5.7,NA,NA,NA,NA,NA,NA,NA,NA,NA,NA,NA,NA,NA,NA,NA,NA,NA,NA,NA,NA,NA,NA,NA,NA,NA,39.834,1.822,-26.3285284,2.8926962,NA,FALSE,FALSE,20200703,20200924,NA,NA
201208_E2_05-08,Aug_E_2_M_12_so_R1,August,Fen,2,M,2012,peat,20120800_E2M,,,11f24cf2-2f25-4ec7-b732-50ecbc4270d8,201208_E2_05-08,8,2012,8/23/2012,2012-08,Fen,Eriophorum Autochamber Site,2,"N 68 21.1986, E 19 02.7991",['https://isogenie-db.asc.ohio-state.edu/images/raw/Carrie_McCalley/2012-08/Eriophorum_Core2_Aug2012.jpg'],M,5,8,6.5,20120800_E2M,NA,NA,X,NA,NA,Below Detection (>235),0,12.6,9.6,"Mostly cloudy with some rain on both days, but did not rain at all during coring.",NA,NA,NA,5.6,NA,NA,NA,0.24171959,3.571038251,NA,NA,-52.08616667,-14.94358333,NA,NA,NA,NA,NA,NA,NA,NA,NA,NA,NA,NA,NA,NA,NA,NA,37.351,1.973,-26.21677415,3.0548417,NA,FALSE,FALSE,20200703,20200924,NA,NA
201208_E2_24-27,Aug_E_2_D_12_so_R1,August,Fen,2,D,2012,peat,20120800_E2D,,,9c75848a-35bb-4466-8416-487775a63621,201208_E2_24-27,8,2012,8/23/2012,2012-08,Fen,Eriophorum Autochamber Site,2,"N 68 21.1986, E 19 02.7991",['https://isogenie-db.asc.ohio-state.edu/images/raw/Carrie_McCalley/2012-08/Eriophorum_Core2_Aug2012.jpg'],D,24,27,25.5,20120800_E2D,NA,NA,NA,NA,NA,Below Detection (>235),0,12.6,9.1,"Mostly cloudy with some rain on both days, but did not rain at all during coring.",NA,NA,NA,5.7,NA,NA,NA,0.476053436,4.140801535,NA,NA,-54.68966667,-10.74766667,NA,NA,NA,NA,NA,NA,NA,NA,NA,NA,NA,NA,NA,NA,NA,NA,15.114,1.106,-27.6924058,0.82313,NA,FALSE,FALSE,20200703,20200924,NA,NA
201208_E3_01-04,Aug_E_3_S_12_so_R1,August,Fen,3,S,2012,peat,20120800_E3S,,,75ce2ca8-8003-4197-9871-e0e262e92862,201208_E3_01-04,8,2012,8/23/2012,2012-08,Fen,Eriophorum Autochamber Site,3,"N 68 21.2039, E 19 02.8058",['https://isogenie-db.asc.ohio-state.edu/images/raw/Carrie_McCalley/2012-08/Eriophorum_Core3_Aug2012.jpg'],S,1,4,2.5,20120800_E3S,NA,NA,X,NA,X,Below Detection (>235),1,12.6,10.9,"Mostly cloudy with some rain on both days, but did not rain at all during coring.",54.2,47,NA,6.2,NA,NA,NA,0.067352014,1.064801123,NA,NA,-51.61491667,-18.32283333,-319.839,-78.40271009,-9.88765477,NA,0.767992623,0.027207899,6.355,NA,NA,NA,3.35,0,0.6,5.055208479,NA,NA,38.588,2,-27.104626,4.144656,NA,FALSE,FALSE,20200703,20200924,NA,"notes_Suzanne: (note 1) Sent to PNNL; leftover peat marked by placing in vial with purple cap. These FT-IR numbers are based on E3 S small vial (which was fully ground by some undergraduate, probably Danielle). There was also another vial of partially-ground peat, which gave very similar results, but when this was reground, the results were different. After the FT-IR and C/N data were run, the reground vial was combined with the small vial so that there would be a combined >100mg of fully-ground peat to send for solid-phase FT-ICR MS (this was done on 2/11/15). This combined vial should be re-run for FT-IR and possibly C/N. (note 2) Acidified for DOC. "
201208_E3_05-08,Aug_E_3_M_12_so_R1,August,Fen,3,M,2012,peat,20120800_E3M,,,297e48d7-d310-4451-b5f0-5da9c3b09b94,201208_E3_05-08,8,2012,8/23/2012,2012-08,Fen,Eriophorum Autochamber Site,3,"N 68 21.2039, E 19 02.8058",['https://isogenie-db.asc.ohio-state.edu/images/raw/Carrie_McCalley/2012-08/Eriophorum_Core3_Aug2012.jpg'],M,5,8,6.5,20120800_E3M,NA,NA,X,X,X,Below Detection (>235),1,12.6,10.9,"Mostly cloudy with some rain on both days, but did not rain at all during coring.",38.9,13,NA,5.9,NA,NA,NA,0.124015723,1.610443588,NA,NA,-52.58083333,-19.2075,-332.279,-79.87193495,-10.22256084,NA,0.606143539,0.017379337,4.3133,NA,NA,NA,0.5,0,0.85,3.640651058,NA,NA,42.372,2.092,-26.9343791,4.0355763,NA,FALSE,FALSE,20200703,20200924,NA,
