"","Member","Value","Direction","Domain","Phylum","Class","Order","Family","Genus","Species"
"1","PMCB01",3.49575692152954,"Sig. High","d__Bacteria","p__Chloroflexota","c__Dehalococcoidia","o__Dehalococcoidales","f__UBA3254","g__Fen-1064","s__Fen-1064 sp003153955"
"2","20110800_E2S_1",2.80524377823477,"Sig. High","d__Bacteria","p__Chloroflexota","c__Ellin6529","o__CSP1-4","f__CSP1-4","g__","s__"
"3","20170700_S25_25",1.59362574747574,"High","d__Bacteria","p__Dormibacterota","c__Dormibacteria","o__UBA8260","f__Bog-877","g__Bog-877","s__Bog-877 sp003164475"
"4","20140700_E22_12",0.0807169959822243,"Insignificant","d__Bacteria","p__Dormibacterota","c__Dormibacteria","o__UBA8260","f__UBA8260","g__UBA8260","s__UBA8260 sp003135255"
"5","20150700_S23_3",2.76639584050224,"Sig. High","d__Bacteria","p__Dormibacterota","c__Dormibacteria","o__UBA8260","f__UBA8260","g__UBA8260","s__UBA8260 sp003134115"
"6","20130700_C2X_13",0.225590737869628,"Insignificant","d__Bacteria","p__Dormibacterota","c__Dormibacteria","o__UBA8260","f__UBA8260","g__UBA8260","s__UBA8260 sp003142035"
"7","20110800_E2D_15",-0.316836979479419,"Insignificant","d__Bacteria","p__Dormibacterota","c__Dormibacteria","o__UBA8260","f__UBA8260","g__UBA8260","s__UBA8260 sp003170875"
"8","PLNE01",-0.240188619145701,"Insignificant","d__Bacteria","p__Dormibacterota","c__Dormibacteria","o__UBA8260","f__UBA8260","g__UBA8260","s__UBA8260 sp003141695"
"9","20120500_P26_8",-0.257787393947322,"Insignificant","d__Bacteria","p__Dormibacterota","c__Dormibacteria","o__UBA8260","f__UBA8260","g__UBA8260","s__UBA8260 sp003153215"
"10","20170700_E11_1",2.48621466834899,"Sig. High","d__Bacteria","p__Patescibacteria","c__Saccharimonadia","o__Saccharimonadales","f__SZUA-47","g__","s__"
"11","3300037134_11",2.88095795579753,"Sig. High","d__Bacteria","p__Patescibacteria","c__Saccharimonadia","o__Saccharimonadales","f__UBA4665","g__BOG-1338","s__"
"12","PLTT01",1.55361368831026,"High","d__Bacteria","p__Patescibacteria","c__Saccharimonadia","o__Saccharimonadales","f__UBA4665","g__BOG-1338","s__BOG-1338 sp003164595"
"13","PLSR01",4.95821906953049,"Sig. High","d__Bacteria","p__Patescibacteria","c__Paceibacteria","o__UBA9983","f__UBA2163","g__UBA10103","s__UBA10103 sp003164215"
"14","20120700_S3D_8",4.63532789533621,"Sig. High","d__Bacteria","p__Patescibacteria","c__Paceibacteria","o__UBA9983","f__GWA1-40-21","g__Bog-1340","s__Bog-1340 sp003142075"
"15","20170700_S33_33",1.77123288740687,"High","d__Bacteria","p__Actinobacteriota","c__Thermoleophilia","o__RBG-16-64-13","f__RBG-16-64-13","g__","s__"
"16","20110800_E2D_31",0.991727876136203,"Insignificant","d__Bacteria","p__Actinobacteriota","c__Thermoleophilia","o__UBA2241","f__UBA2241","g__Bog-752","s__Bog-752 sp003132645"
"17","PLTW01",2.02192892373484,"Sig. High","d__Bacteria","p__Actinobacteriota","c__Thermoleophilia","o__UBA2241","f__UBA2241","g__Bog-752","s__Bog-752 sp003164655"
"18","20140700_S33_2",-0.00581413834201769,"Insignificant","d__Bacteria","p__Actinobacteriota","c__Thermoleophilia","o__Solirubrobacterales","f__Solirubrobacteraceae","g__Palsa-744","s__"
"19","20111000_S1D_3",1.06589974626504,"High","d__Bacteria","p__Actinobacteriota","c__Thermoleophilia","o__Solirubrobacterales","f__Solirubrobacteraceae","g__Palsa-744","s__"
"20","20150700_P14_7",0.61775434217571,"Insignificant","d__Bacteria","p__Actinobacteriota","c__Thermoleophilia","o__Solirubrobacterales","f__Solirubrobacteraceae","g__Palsa-513","s__"
"21","20120600_E2D_21",0.437812700456429,"Insignificant","d__Bacteria","p__Actinobacteriota","c__Thermoleophilia","o__Solirubrobacterales","f__Solirubrobacteraceae","g__Palsa-513","s__Palsa-513 sp003157595"
"22","20110800_S3D_3",0.491255280821426,"Insignificant","d__Bacteria","p__Actinobacteriota","c__Thermoleophilia","o__Solirubrobacterales","f__Solirubrobacteraceae","g__Palsa-513","s__Palsa-513 sp003138355"
"23","20140700_S31_9",0.418844827214005,"Insignificant","d__Bacteria","p__Actinobacteriota","c__Thermoleophilia","o__Solirubrobacterales","f__Solirubrobacteraceae","g__Palsa-513","s__"
"24","20110600_P3S_5",0.537612405236194,"Insignificant","d__Bacteria","p__Actinobacteriota","c__Thermoleophilia","o__Solirubrobacterales","f__Solirubrobacteraceae","g__Palsa-513","s__"
"25","20120500_P23_6",0.316180360081337,"Insignificant","d__Bacteria","p__Actinobacteriota","c__Thermoleophilia","o__Solirubrobacterales","f__Solirubrobacteraceae","g__Palsa-513","s__Palsa-513 sp003132505"
"26","20170700_S33_37",0.745187945731249,"Insignificant","d__Bacteria","p__Actinobacteriota","c__Thermoleophilia","o__Solirubrobacterales","f__Solirubrobacteraceae","g__Palsa-465","s__"
"27","20110800_S3S_35",0.400113194438183,"Insignificant","d__Bacteria","p__Actinobacteriota","c__Thermoleophilia","o__Solirubrobacterales","f__Solirubrobacteraceae","g__Palsa-465","s__Palsa-465 sp003137075"
"28","20110600_P3S_13",0.471257894816965,"Insignificant","d__Bacteria","p__Actinobacteriota","c__Thermoleophilia","o__Solirubrobacterales","f__Solirubrobacteraceae","g__Palsa-465","s__"
"29","20170700_S25_36",-0.542322628383477,"Insignificant","d__Bacteria","p__Actinobacteriota","c__Actinomycetia","o__Mycobacteriales","f__Mycobacteriaceae","g__Mycobacterium","s__"
"30","20111000_S1D_14",-0.599251497217056,"Insignificant","d__Bacteria","p__Actinobacteriota","c__Actinomycetia","o__Mycobacteriales","f__Mycobacteriaceae","g__Mycobacterium","s__"
"31","20110800_S1S_3",-0.69793971293331,"Insignificant","d__Bacteria","p__Actinobacteriota","c__Actinomycetia","o__Mycobacteriales","f__Mycobacteriaceae","g__Mycobacterium","s__"
"32","20120700_S1D_43",-0.730604649656443,"Insignificant","d__Bacteria","p__Actinobacteriota","c__Actinomycetia","o__Mycobacteriales","f__Mycobacteriaceae","g__Mycobacterium","s__Mycobacterium sp003165155"
"33","20160700_S34_5",0.137996087516273,"Insignificant","d__Bacteria","p__Actinobacteriota","c__Actinomycetia","o__Streptosporangiales","f__Streptosporangiaceae","g__Palsa-506","s__"
"34","20130700_C2M_2",0.209462765792358,"Insignificant","d__Bacteria","p__Actinobacteriota","c__Actinomycetia","o__Streptosporangiales","f__Streptosporangiaceae","g__Bog-532","s__"
"35","20110700_S3M_18",-0.169834524638245,"Insignificant","d__Bacteria","p__Actinobacteriota","c__Actinomycetia","o__Streptosporangiales","f__Streptosporangiaceae","g__Bog-532","s__Bog-532 sp003164955"
"36","20110800_P3S_8",-0.199880803568384,"Insignificant","d__Bacteria","p__Actinobacteriota","c__Actinomycetia","o__Streptosporangiales","f__Streptosporangiaceae","g__Palsa-504","s__Palsa-504 sp003140115"
"37","20170700_S33_22",-0.0309791856127521,"Insignificant","d__Bacteria","p__Actinobacteriota","c__Actinomycetia","o__Streptosporangiales","f__Streptosporangiaceae","g__Palsa-504","s__"
"38","20130700_S3M_11",-0.0784114380835064,"Insignificant","d__Bacteria","p__Actinobacteriota","c__Actinomycetia","o__Streptosporangiales","f__Streptosporangiaceae","g__Palsa-504","s__"
"39","20120600_P2M_9",-0.25106232375447,"Insignificant","d__Bacteria","p__Actinobacteriota","c__Actinomycetia","o__Streptosporangiales","f__Streptosporangiaceae","g__Palsa-504","s__"
"40","PMST01",-0.265124707781445,"Insignificant","d__Bacteria","p__Actinobacteriota","c__Actinomycetia","o__Streptosporangiales","f__Streptosporangiaceae","g__Palsa-504","s__Palsa-504 sp003168295"
"41","20120600_P3S_2",0.268160358577491,"Insignificant","d__Bacteria","p__Actinobacteriota","c__Acidimicrobiia","o__Acidimicrobiales","f__Palsa-688","g__PALSA-693","s__PALSA-693 sp003156595"
"42","20160700_P15_13",-0.317037833440156,"Insignificant","d__Bacteria","p__Actinobacteriota","c__Acidimicrobiia","o__Acidimicrobiales","f__Palsa-688","g__","s__"
"43","20120600_E1D_41",-0.66135200423613,"Insignificant","d__Bacteria","p__Actinobacteriota","c__Acidimicrobiia","o__Acidimicrobiales","f__Palsa-688","g__Fen-671","s__Fen-671 sp003158835"
"44","20120700_S1D_115",-0.743447573062926,"Insignificant","d__Bacteria","p__Actinobacteriota","c__Acidimicrobiia","o__Acidimicrobiales","f__Palsa-688","g__Fen-671","s__"
"45","PMWT01",-11.6327655374087,"Sig. Low","d__Bacteria","p__Actinobacteriota","c__Acidimicrobiia","o__Acidimicrobiales","f__Palsa-688","g__Fen-671","s__Fen-671 sp003166025"
"46","20120700_S3X_18",0.401095023327479,"Insignificant","d__Bacteria","p__Actinobacteriota","c__Acidimicrobiia","o__Acidimicrobiales","f__Bog-793","g__Bog-793","s__Bog-793 sp003159795"
"47","20120600_E2D_28",-0.547784419419102,"Insignificant","d__Bacteria","p__Actinobacteriota","c__Acidimicrobiia","o__Acidimicrobiales","f__Bog-793","g__Fen-455","s__"
"48","20150700_P24_5",-0.58907823596593,"Insignificant","d__Bacteria","p__Actinobacteriota","c__Acidimicrobiia","o__Acidimicrobiales","f__Bog-793","g__Fen-455","s__"
"49","20160700_S13_16",-0.518703699136046,"Insignificant","d__Bacteria","p__Actinobacteriota","c__Acidimicrobiia","o__Acidimicrobiales","f__Bog-793","g__Fen-455","s__"
"50","20120700_S1X_2",-0.621335190771648,"Insignificant","d__Bacteria","p__Actinobacteriota","c__Acidimicrobiia","o__Acidimicrobiales","f__Bog-793","g__Fen-455","s__Fen-455 sp003139355"
"51","20110800_S1D_5",-0.716715001524287,"Insignificant","d__Bacteria","p__Actinobacteriota","c__Acidimicrobiia","o__Acidimicrobiales","f__Bog-793","g__Fen-455","s__Fen-455 sp003166375"
"52","20140700_E14_11",-11.5298135933898,"Sig. Low","d__Bacteria","p__Actinobacteriota","c__Acidimicrobiia","o__Acidimicrobiales","f__Bog-793","g__Fen-455","s__Fen-455 sp003140595"
"53","20110800_E3D_9",-0.750677438570776,"Insignificant","d__Bacteria","p__Actinobacteriota","c__Acidimicrobiia","o__Acidimicrobiales","f__Bog-793","g__Fen-455","s__Fen-455 sp003170375"
"54","20160700_S23_14",0.200823675586096,"Insignificant","d__Bacteria","p__Actinobacteriota","c__Acidimicrobiia","o__Acidimicrobiales","f__Bog-793","g__Palsa-601","s__"
"55","20110800_S1M_17",-0.513169585773764,"Insignificant","d__Bacteria","p__Actinobacteriota","c__Acidimicrobiia","o__Acidimicrobiales","f__RAAP-2","g__Bog-756","s__Bog-756 sp003138855"
"56","20170700_S34_26",-0.508426702794843,"Insignificant","d__Bacteria","p__Actinobacteriota","c__Acidimicrobiia","o__Acidimicrobiales","f__RAAP-2","g__Bog-756","s__"
"57","20120700_S1D_66",-0.491561309505428,"Insignificant","d__Bacteria","p__Actinobacteriota","c__Acidimicrobiia","o__Acidimicrobiales","f__RAAP-2","g__Bog-756","s__Bog-756 sp003164275"
"58","20110800_S1M_32",-0.5970245015947,"Insignificant","d__Bacteria","p__Actinobacteriota","c__Acidimicrobiia","o__Acidimicrobiales","f__RAAP-2","g__Bog-756","s__"
"59","20110800_S1S_1",-0.494915211124395,"Insignificant","d__Bacteria","p__Actinobacteriota","c__Acidimicrobiia","o__Acidimicrobiales","f__RAAP-2","g__Bog-756","s__"
"60","20120600_S2M_9",-0.696222591795774,"Insignificant","d__Bacteria","p__Actinobacteriota","c__Acidimicrobiia","o__Acidimicrobiales","f__RAAP-2","g__Bog-756","s__Bog-756 sp003157945"
"61","PLRX01",-0.74937393020821,"Insignificant","d__Bacteria","p__Actinobacteriota","c__Acidimicrobiia","o__Acidimicrobiales","f__RAAP-2","g__Bog-756","s__Bog-756 sp003164095"
"62","3300037549_16",-0.56495621314561,"Insignificant","d__Bacteria","p__Actinobacteriota","c__Acidimicrobiia","o__Acidimicrobiales","f__RAAP-2","g__Bog-756","s__"
"63","20170700_S33_13",-0.471479668227783,"Insignificant","d__Bacteria","p__Actinobacteriota","c__Acidimicrobiia","o__Acidimicrobiales","f__RAAP-2","g__Bog-473","s__Bog-473 sp003169235"
"64","20110700_P2D_26",-0.409622440478029,"Insignificant","d__Bacteria","p__Actinobacteriota","c__Acidimicrobiia","o__Acidimicrobiales","f__RAAP-2","g__Bog-473","s__"
"65","PMLV01",-0.441751017032692,"Insignificant","d__Bacteria","p__Actinobacteriota","c__Acidimicrobiia","o__Acidimicrobiales","f__RAAP-2","g__Bog-473","s__Bog-473 sp003160635"
"66","20110800_S1S_9",-0.347589401127395,"Insignificant","d__Bacteria","p__Actinobacteriota","c__Acidimicrobiia","o__Acidimicrobiales","f__RAAP-2","g__Bog-473","s__"
"67","20170700_S34_32",-0.244585569909191,"Insignificant","d__Bacteria","p__Actinobacteriota","c__Acidimicrobiia","o__Acidimicrobiales","f__RAAP-2","g__Bog-473","s__"
"68","20120600_S3D_1",-11.7230325300827,"Sig. Low","d__Bacteria","p__Actinobacteriota","c__Acidimicrobiia","o__Acidimicrobiales","f__RAAP-2","g__Bog-515","s__Bog-515 sp003155135"
"69","20130700_S2S_8",-0.00317250116739113,"Insignificant","d__Bacteria","p__Actinobacteriota","c__Acidimicrobiia","o__Acidimicrobiales","f__RAAP-2","g__RAAP-2","s__RAAP-2 sp003138895"
"70","20120700_S1S_3",-0.343122839516422,"Insignificant","d__Bacteria","p__Actinobacteriota","c__Acidimicrobiia","o__Acidimicrobiales","f__RAAP-2","g__RAAP-2","s__RAAP-2 sp003136495"
"71","20110800_S1S_6",-0.122738434034542,"Insignificant","d__Bacteria","p__Actinobacteriota","c__Acidimicrobiia","o__Acidimicrobiales","f__RAAP-2","g__RAAP-2","s__RAAP-2 sp003133075"
"72","20120700_S3X_22",-0.422996674037885,"Insignificant","d__Bacteria","p__Actinobacteriota","c__Acidimicrobiia","o__Acidimicrobiales","f__RAAP-2","g__RAAP-2","s__RAAP-2 sp003142095"
"73","20120700_S1D_96",-0.440809581709301,"Insignificant","d__Bacteria","p__Actinobacteriota","c__Acidimicrobiia","o__Acidimicrobiales","f__RAAP-2","g__RAAP-2","s__"
"74","PMTF01",-0.690668819405401,"Insignificant","d__Bacteria","p__Actinobacteriota","c__Acidimicrobiia","o__Acidimicrobiales","f__RAAP-2","g__RAAP-2","s__RAAP-2 sp003167415"
"75","20120500_P17_2",-0.74172287038387,"Insignificant","d__Bacteria","p__Actinobacteriota","c__Acidimicrobiia","o__Acidimicrobiales","f__RAAP-2","g__RAAP-2","s__RAAP-2 sp003133685"
"76","20140700_S31_6",-0.671580074274511,"Insignificant","d__Bacteria","p__Actinobacteriota","c__Acidimicrobiia","o__Acidimicrobiales","f__RAAP-2","g__RAAP-2","s__"
"77","20120600_S3D_7",-11.5909228970516,"Sig. Low","d__Bacteria","p__Actinobacteriota","c__Acidimicrobiia","o__Acidimicrobiales","f__RAAP-2","g__RAAP-2","s__RAAP-2 sp003155915"
"78","20140700_S15_2",-0.410796560345563,"Insignificant","d__Bacteria","p__Actinobacteriota","c__Acidimicrobiia","o__Acidimicrobiales","f__RAAP-2","g__RAAP-2","s__RAAP-2 sp003138815"
"79","20130700_S3M_8",-0.438580019856726,"Insignificant","d__Bacteria","p__Actinobacteriota","c__Acidimicrobiia","o__Acidimicrobiales","f__RAAP-2","g__RAAP-2","s__"
"80","20130700_S3Z_17",-0.583422875096479,"Insignificant","d__Bacteria","p__Actinobacteriota","c__Acidimicrobiia","o__Acidimicrobiales","f__RAAP-2","g__RAAP-2","s__"
"81","20140700_S21_3",-0.438274636048382,"Insignificant","d__Bacteria","p__Actinobacteriota","c__Acidimicrobiia","o__Acidimicrobiales","f__RAAP-2","g__RAAP-2","s__"
"82","20120700_S1S_11",-0.454283655564976,"Insignificant","d__Bacteria","p__Actinobacteriota","c__Acidimicrobiia","o__Acidimicrobiales","f__RAAP-2","g__RAAP-2","s__RAAP-2 sp003163875"
"83","20160700_E21_3",-0.518986464611665,"Insignificant","d__Bacteria","p__Actinobacteriota","c__Acidimicrobiia","o__Acidimicrobiales","f__RAAP-2","g__RAAP-2","s__RAAP-2 sp003133005"
"84","20140700_S11_5",-11.7633612323143,"Sig. Low","d__Bacteria","p__Actinobacteriota","c__Acidimicrobiia","o__Acidimicrobiales","f__RAAP-2","g__RAAP-2","s__RAAP-2 sp003133125"
"85","20170700_E11_3",-0.755851800873504,"Insignificant","d__Bacteria","p__Actinobacteriota","c__Acidimicrobiia","o__Acidimicrobiales","f__RAAP-2","g__RAAP-2","s__"
"86","20120600_S1S_4",-11.7470734825931,"Sig. Low","d__Bacteria","p__Actinobacteriota","c__Acidimicrobiia","o__Acidimicrobiales","f__RAAP-2","g__RAAP-2","s__RAAP-2 sp003160115"
"87","20170700_S34_13",-0.560662500136752,"Insignificant","d__Bacteria","p__Actinobacteriota","c__Acidimicrobiia","o__Acidimicrobiales","f__RAAP-2","g__RAAP-2","s__"
"88","20120600_S2D_17",-0.440789337238013,"Insignificant","d__Bacteria","p__Actinobacteriota","c__Acidimicrobiia","o__Acidimicrobiales","f__RAAP-2","g__RAAP-2","s__RAAP-2 sp003141095"
"89","20170700_S34_2",0.582327282356639,"Insignificant","d__Bacteria","p__Actinobacteriota","c__Acidimicrobiia","o__Acidimicrobiales","f__UBA8190","g__Bog-564","s__Bog-564 sp003139255"
"90","20140700_S11_7",0.612985205422656,"Insignificant","d__Bacteria","p__Eremiobacterota","c__Eremiobacteria","o__UBP12","f__UBA5184","g__Bog-1527","s__Bog-1527 sp003155175"
"91","20111000_S3S_8",-0.11046455668033,"Insignificant","d__Bacteria","p__Eremiobacterota","c__Eremiobacteria","o__UBP12","f__UBA5184","g__BOG-1502","s__"
"92","20120600_S2M_11",-0.116375114191323,"Insignificant","d__Bacteria","p__Eremiobacterota","c__Eremiobacteria","o__UBP12","f__UBA5184","g__BOG-1502","s__"
"93","20110800_S1S_8",-0.239073953875958,"Insignificant","d__Bacteria","p__Eremiobacterota","c__Eremiobacteria","o__UBP12","f__UBA5184","g__BOG-1502","s__BOG-1502 sp003134035"
"94","PLTN01",-0.659022695691113,"Insignificant","d__Bacteria","p__Eremiobacterota","c__Eremiobacteria","o__UBP12","f__UBA5184","g__Bog-1524","s__Bog-1524 sp003164495"
"95","20120700_S1D_69",-0.643664817918856,"Insignificant","d__Bacteria","p__Eremiobacterota","c__Eremiobacteria","o__UBP12","f__UBA5184","g__Bog-1524","s__"
"96","20140700_S21_17",-0.703667249931719,"Insignificant","d__Bacteria","p__Eremiobacterota","c__Eremiobacteria","o__UBP12","f__UBA5184","g__Bog-1524","s__Bog-1524 sp003164045"
"97","20120500_P34_3",-0.0191750522537886,"Insignificant","d__Bacteria","p__Eremiobacterota","c__Eremiobacteria","o__UBP12","f__UBA5184","g__Palsa-1478","s__Palsa-1478 sp003168375"
"98","20120700_S1S_1",0.235486139255231,"Insignificant","d__Bacteria","p__Eremiobacterota","c__Eremiobacteria","o__UBP12","f__UBA5184","g__Bog-1492","s__"
"99","20110800_S3S_12",0.244409337607517,"Insignificant","d__Bacteria","p__Eremiobacterota","c__Eremiobacteria","o__UBP12","f__UBA5184","g__Bog-1492","s__Bog-1492 sp003136655"
"100","20111000_S3S_7",0.165603543750457,"Insignificant","d__Bacteria","p__Eremiobacterota","c__Eremiobacteria","o__UBP12","f__UBA5184","g__Palsa-1515","s__"
"101","20120700_S1D_28",2.3023132890709,"Sig. High","d__Bacteria","p__Armatimonadota","c__SYMT01","o__","f__","g__","s__"
"102","3300037149_6",1.77749558553236,"High","d__Bacteria","p__Armatimonadota","c__BOG-944","o__Capsulimonadales","f__BOG-944","g__BOG-944","s__"
"103","20111000_S2S_6",2.18566208194754,"Sig. High","d__Bacteria","p__Armatimonadota","c__BOG-944","o__Capsulimonadales","f__BOG-944","g__BOG-944","s__BOG-944 sp003134215"
"104","3300037196_14",2.41225321358279,"Sig. High","d__Bacteria","p__Firmicutes_B","c__Syntrophomonadia","o__Thermacetogeniales","f__Palsa-1188","g__","s__"
"105","3300037175_6",2.38771652019223,"Sig. High","d__Bacteria","p__Firmicutes_B","c__Syntrophomonadia","o__Thermacetogeniales","f__Palsa-1188","g__Palsa-1188","s__Palsa-1188 sp003160265"
"106","20110800_S3S_4",2.67529243604984,"Sig. High","d__Bacteria","p__FCPU426","c__Palsa-1180","o__Palsa-1180","f__Palsa-1180","g__Bog-1183","s__Bog-1183 sp003136635"
"107","20170700_S25_23",2.27657560792553,"Sig. High","d__Bacteria","p__FCPU426","c__Palsa-1180","o__","f__","g__","s__"
"108","20140700_S36_11",2.66392617896927,"Sig. High","d__Bacteria","p__Goldbacteria","c__PGYV01","o__PGYV01","f__Palsa-1178","g__Bog-1181","s__Bog-1181 sp003159495"
"109","20120700_S1D_103",2.34873287901364,"Sig. High","d__Bacteria","p__Planctomycetota","c__Planctomycetes","o__Pirellulales","f__UBA11386","g__","s__"
"110","20120700_S1D_24",3.293068961592,"Sig. High","d__Bacteria","p__Planctomycetota","c__Planctomycetes","o__Pirellulales","f__UBA11386","g__","s__"
"111","20120700_S1D_26",1.9911363840526,"High","d__Bacteria","p__Planctomycetota","c__Planctomycetes","o__Pirellulales","f__","g__","s__"
"112","20120700_S1D_39",2.35958334761745,"Sig. High","d__Bacteria","p__Planctomycetota","c__Planctomycetes","o__Pirellulales","f__","g__","s__"
"113","20120700_S1D_30",3.08385108893187,"Sig. High","d__Bacteria","p__Planctomycetota","c__Phycisphaerae","o__SM23-33","f__SM23-33","g__","s__"
"114","20120700_S1D_73",2.93962810622918,"Sig. High","d__Bacteria","p__Planctomycetota","c__Brocadiae","o__","f__","g__","s__"
"115","PLSG01",3.38521782244664,"Sig. High","d__Bacteria","p__Verrucomicrobiota_A","c__Chlamydiia","o__Parachlamydiales","f__Parachlamydiaceae","g__BOG-1457","s__BOG-1457 sp003164155"
"116","20160700_E23_26",2.76790391656885,"Sig. High","d__Bacteria","p__Verrucomicrobiota","c__Kiritimatiellae","o__RFP12","f__","g__","s__"
"117","3300037349_9",0.995956128579187,"Insignificant","d__Bacteria","p__Verrucomicrobiota","c__Verrucomicrobiae","o__Opitutales","f__Opitutaceae","g__Palsa-1447","s__"
"118","3300037180_6",0.370698461805129,"Insignificant","d__Bacteria","p__Verrucomicrobiota","c__Verrucomicrobiae","o__Opitutales","f__Opitutaceae","g__Palsa-1447","s__Palsa-1447 sp003168315"
"119","PLTZ01",0.814206886735624,"Insignificant","d__Bacteria","p__Verrucomicrobiota","c__Verrucomicrobiae","o__Opitutales","f__Opitutaceae","g__Palsa-1447","s__Palsa-1447 sp003164715"
"120","PLXS01",0.66375145279951,"Insignificant","d__Bacteria","p__Verrucomicrobiota","c__Verrucomicrobiae","o__Opitutales","f__Opitutaceae","g__Palsa-1447","s__Palsa-1447 sp003151515"
"121","20150700_S25_3",-0.432246017905982,"Insignificant","d__Bacteria","p__Verrucomicrobiota","c__Verrucomicrobiae","o__Pedosphaerales","f__Palsa-1400","g__","s__"
"122","20120700_S1D_98",-0.212965985457746,"Insignificant","d__Bacteria","p__Verrucomicrobiota","c__Verrucomicrobiae","o__Pedosphaerales","f__Palsa-1400","g__","s__"
"123","20120700_S1D_89",-0.367380093623222,"Insignificant","d__Bacteria","p__Verrucomicrobiota","c__Verrucomicrobiae","o__Pedosphaerales","f__Palsa-1400","g__","s__"
"124","20170700_S24_4",-0.306371899303813,"Insignificant","d__Bacteria","p__Verrucomicrobiota","c__Verrucomicrobiae","o__Pedosphaerales","f__Palsa-1400","g__","s__"
"125","20110800_S1S_18",-0.483328807978763,"Insignificant","d__Bacteria","p__Verrucomicrobiota","c__Verrucomicrobiae","o__Pedosphaerales","f__Palsa-1400","g__","s__"
"126","20120700_S1D_29",-0.50727862922223,"Insignificant","d__Bacteria","p__Verrucomicrobiota","c__Verrucomicrobiae","o__Pedosphaerales","f__Palsa-1400","g__","s__"
"127","20110800_S3D_14",-0.561580491680832,"Insignificant","d__Bacteria","p__Verrucomicrobiota","c__Verrucomicrobiae","o__Pedosphaerales","f__Palsa-1400","g__","s__"
"128","20170700_S24_8",-0.576365006923462,"Insignificant","d__Bacteria","p__Verrucomicrobiota","c__Verrucomicrobiae","o__Pedosphaerales","f__Palsa-1400","g__","s__"
"129","PLGF01",-0.33792806185467,"Insignificant","d__Bacteria","p__Verrucomicrobiota","c__Verrucomicrobiae","o__Pedosphaerales","f__Palsa-1400","g__Palsa-1400","s__Palsa-1400 sp003138485"
"130","20170700_S25_32",-0.273940655987196,"Insignificant","d__Bacteria","p__Verrucomicrobiota","c__Verrucomicrobiae","o__Pedosphaerales","f__Palsa-1400","g__Palsa-1400","s__"
"131","20110700_S2D_14",-0.140943533571433,"Insignificant","d__Bacteria","p__Verrucomicrobiota","c__Verrucomicrobiae","o__Pedosphaerales","f__Pedosphaeraceae","g__","s__"
"132","20170700_S34_41",-0.189233487755225,"Insignificant","d__Bacteria","p__Verrucomicrobiota","c__Verrucomicrobiae","o__Pedosphaerales","f__Pedosphaeraceae","g__","s__"
"133","20120800_E1D_21",-0.139847961524565,"Insignificant","d__Bacteria","p__Verrucomicrobiota","c__Verrucomicrobiae","o__Pedosphaerales","f__Pedosphaeraceae","g__PALSA-1440","s__"
"134","20170700_S34_36",-0.30479002183078,"Insignificant","d__Bacteria","p__Verrucomicrobiota","c__Verrucomicrobiae","o__Pedosphaerales","f__Pedosphaeraceae","g__PALSA-1440","s__"
"135","20120700_S1D_61",-0.0226225917680181,"Insignificant","d__Bacteria","p__Verrucomicrobiota","c__Verrucomicrobiae","o__Pedosphaerales","f__Pedosphaeraceae","g__PALSA-1440","s__"
"136","20120700_S2X_13",-0.143368656871313,"Insignificant","d__Bacteria","p__Verrucomicrobiota","c__Verrucomicrobiae","o__Pedosphaerales","f__Pedosphaeraceae","g__BOG-1460","s__BOG-1460 sp003159675"
"137","20160700_S11_6",-0.360317860375557,"Insignificant","d__Bacteria","p__Verrucomicrobiota","c__Verrucomicrobiae","o__Pedosphaerales","f__Pedosphaeraceae","g__UBA11358","s__"
"138","3300036929_5",-0.648602912774909,"Insignificant","d__Bacteria","p__Verrucomicrobiota","c__Verrucomicrobiae","o__Pedosphaerales","f__Pedosphaeraceae","g__UBA11358","s__"
"139","20110600_S1D_11",-0.49565518039342,"Insignificant","d__Bacteria","p__Verrucomicrobiota","c__Verrucomicrobiae","o__Pedosphaerales","f__Pedosphaeraceae","g__UBA11358","s__UBA11358 sp003134375"
"140","20120500_P26_12",-0.572169686376879,"Insignificant","d__Bacteria","p__Verrucomicrobiota","c__Verrucomicrobiae","o__Pedosphaerales","f__Pedosphaeraceae","g__UBA11358","s__UBA11358 sp003161635"
"141","20130700_S2Y_8",-0.572927780141519,"Insignificant","d__Bacteria","p__Verrucomicrobiota","c__Verrucomicrobiae","o__Pedosphaerales","f__Pedosphaeraceae","g__UBA11358","s__"
"142","20120800_E1D_8",-0.605833288306418,"Insignificant","d__Bacteria","p__Verrucomicrobiota","c__Verrucomicrobiae","o__Pedosphaerales","f__Pedosphaeraceae","g__UBA11358","s__"
"143","20150700_E14_13",-0.533333883675047,"Insignificant","d__Bacteria","p__Verrucomicrobiota","c__Verrucomicrobiae","o__Pedosphaerales","f__Pedosphaeraceae","g__UBA11358","s__"
"144","3300037085_4",-0.613548475181786,"Insignificant","d__Bacteria","p__Verrucomicrobiota","c__Verrucomicrobiae","o__Pedosphaerales","f__Pedosphaeraceae","g__UBA11358","s__"
"145","20120700_S1D_85",-0.455127777774927,"Insignificant","d__Bacteria","p__Verrucomicrobiota","c__Verrucomicrobiae","o__Pedosphaerales","f__Pedosphaeraceae","g__UBA11358","s__"
"146","20150700_S15_1",-0.535713502252078,"Insignificant","d__Bacteria","p__Verrucomicrobiota","c__Verrucomicrobiae","o__Pedosphaerales","f__Pedosphaeraceae","g__UBA11358","s__"
"147","20150700_E14_5",-0.350891802651276,"Insignificant","d__Bacteria","p__Verrucomicrobiota","c__Verrucomicrobiae","o__Pedosphaerales","f__Pedosphaeraceae","g__UBA11358","s__"
"148","20160700_E23_20",-0.414203155839479,"Insignificant","d__Bacteria","p__Verrucomicrobiota","c__Verrucomicrobiae","o__Pedosphaerales","f__Pedosphaeraceae","g__UBA11358","s__"
"149","20120700_S1D_9",-0.442694832878431,"Insignificant","d__Bacteria","p__Verrucomicrobiota","c__Verrucomicrobiae","o__Pedosphaerales","f__Pedosphaeraceae","g__UBA11358","s__"
"150","20120800_E1D_7",-0.437252304305605,"Insignificant","d__Bacteria","p__Verrucomicrobiota","c__Verrucomicrobiae","o__Pedosphaerales","f__Pedosphaeraceae","g__UBA11358","s__"
"151","20110800_S3S_23",-0.539815452850939,"Insignificant","d__Bacteria","p__Verrucomicrobiota","c__Verrucomicrobiae","o__Pedosphaerales","f__Pedosphaeraceae","g__UBA11358","s__"
"152","20140700_S21_13",-0.396606591611327,"Insignificant","d__Bacteria","p__Verrucomicrobiota","c__Verrucomicrobiae","o__Pedosphaerales","f__Pedosphaeraceae","g__UBA11358","s__"
"153","20120700_S1D_67",-0.489617881921758,"Insignificant","d__Bacteria","p__Verrucomicrobiota","c__Verrucomicrobiae","o__Pedosphaerales","f__Pedosphaeraceae","g__UBA11358","s__"
"154","20120700_S1D_108",-0.533075116702782,"Insignificant","d__Bacteria","p__Verrucomicrobiota","c__Verrucomicrobiae","o__Pedosphaerales","f__Pedosphaeraceae","g__UBA11358","s__"
"155","20120700_S1D_49",-0.556484109356394,"Insignificant","d__Bacteria","p__Verrucomicrobiota","c__Verrucomicrobiae","o__Pedosphaerales","f__Pedosphaeraceae","g__UBA11358","s__"
"156","20160700_E23_6",-0.45917697954408,"Insignificant","d__Bacteria","p__Verrucomicrobiota","c__Verrucomicrobiae","o__Pedosphaerales","f__Pedosphaeraceae","g__UBA11358","s__"
"157","20120700_S1D_90",-0.226481717283596,"Insignificant","d__Bacteria","p__Verrucomicrobiota","c__Verrucomicrobiae","o__Pedosphaerales","f__Pedosphaeraceae","g__UBA11358","s__"
"158","20110800_S1S_13",-0.182024902462886,"Insignificant","d__Bacteria","p__Verrucomicrobiota","c__Verrucomicrobiae","o__Pedosphaerales","f__Pedosphaeraceae","g__UBA11358","s__"
"159","3300037349_11",-0.334210705983592,"Insignificant","d__Bacteria","p__Verrucomicrobiota","c__Verrucomicrobiae","o__Pedosphaerales","f__Pedosphaeraceae","g__UBA11358","s__"
"160","20120700_S1D_77",-0.418812909047605,"Insignificant","d__Bacteria","p__Verrucomicrobiota","c__Verrucomicrobiae","o__Pedosphaerales","f__Pedosphaeraceae","g__UBA11358","s__"
"161","20160700_E23_11",-0.5675578757422,"Insignificant","d__Bacteria","p__Verrucomicrobiota","c__Verrucomicrobiae","o__Pedosphaerales","f__Pedosphaeraceae","g__UBA11358","s__"
"162","20170700_S24_16",-0.59697539244353,"Insignificant","d__Bacteria","p__Verrucomicrobiota","c__Verrucomicrobiae","o__Pedosphaerales","f__Pedosphaeraceae","g__UBA11358","s__"
"163","20140700_S22_7",-0.324921765500125,"Insignificant","d__Bacteria","p__Verrucomicrobiota","c__Verrucomicrobiae","o__Pedosphaerales","f__Pedosphaeraceae","g__UBA11358","s__UBA11358 sp003133815"
"164","20170700_S24_9",-0.485243246645377,"Insignificant","d__Bacteria","p__Verrucomicrobiota","c__Verrucomicrobiae","o__Pedosphaerales","f__Pedosphaeraceae","g__UBA11358","s__"
"165","20150700_E14_4",-0.349942765005457,"Insignificant","d__Bacteria","p__Verrucomicrobiota","c__Verrucomicrobiae","o__Pedosphaerales","f__Pedosphaeraceae","g__UBA11358","s__"
"166","20110700_P1D_2",-0.579855962218152,"Insignificant","d__Bacteria","p__Verrucomicrobiota","c__Verrucomicrobiae","o__Pedosphaerales","f__Pedosphaeraceae","g__UBA11358","s__"
"167","20170700_E14_6",-0.518036617041424,"Insignificant","d__Bacteria","p__Verrucomicrobiota","c__Verrucomicrobiae","o__Pedosphaerales","f__Pedosphaeraceae","g__UBA11358","s__"
"168","20120700_S1D_113",0.0827068153972898,"Insignificant","d__Bacteria","p__Verrucomicrobiota","c__Verrucomicrobiae","o__Pedosphaerales","f__Pedosphaeraceae","g__Pedosphaera","s__"
"169","20130700_P1Y_10",1.30962852857221,"High","d__Bacteria","p__Verrucomicrobiota","c__Verrucomicrobiae","o__Palsa-1439","f__Palsa-1439","g__Palsa-1439","s__"
"170","20110700_S2D_6",0.850988735658044,"Insignificant","d__Bacteria","p__Verrucomicrobiota","c__Verrucomicrobiae","o__Palsa-1439","f__Palsa-1439","g__Palsa-1439","s__Palsa-1439 sp003164675"
"171","3300037342_8",1.89636855692609,"High","d__Bacteria","p__Verrucomicrobiota","c__Verrucomicrobiae","o__Chthoniobacterales","f__Chthoniobacteraceae","g__SXWH01","s__"
"172","20110800_S3S_9",1.93770098886031,"High","d__Bacteria","p__Verrucomicrobiota","c__Verrucomicrobiae","o__Chthoniobacterales","f__UBA6821","g__UBA6821","s__UBA6821 sp003136515"
"173","20160700_E21_11",1.59965574081707,"High","d__Bacteria","p__Verrucomicrobiota","c__Verrucomicrobiae","o__Chthoniobacterales","f__UBA6821","g__UBA6821","s__UBA6821 sp002452515"
"174","3300037231_11",2.0142920208512,"Sig. High","d__Bacteria","p__Bacteroidota","c__Bacteroidia","o__Chitinophagales","f__Chitinophagaceae","g__UBA8621","s__"
"175","3300029985_7",1.66772656354147,"High","d__Bacteria","p__Bacteroidota","c__Bacteroidia","o__Chitinophagales","f__LD1","g__UBA1941","s__UBA1941 sp003165135"
"176","3300036876_9",2.6100499611827,"Sig. High","d__Bacteria","p__Bacteroidota","c__Bacteroidia","o__Chitinophagales","f__LD1","g__Bog-950","s__Bog-950 sp003165895"
"177","20150700_E15_18",2.57766699251439,"Sig. High","d__Bacteria","p__Bacteroidota","c__Bacteroidia","o__Bacteroidales","f__FEN-979","g__FEN-979","s__"
"178","20150700_S15_12",2.8379680702252,"Sig. High","d__Bacteria","p__Bacteroidota","c__Ignavibacteria","o__Ignavibacteriales","f__Ignavibacteriaceae","g__FEN-1297","s__FEN-1297 sp003142915"
"179","20110800_E3M_2",2.97980853245461,"Sig. High","d__Bacteria","p__Eisenbacteria","c__RBG-16-71-46","o__RBG-16-71-46","f__RBG-16-71-46","g__WS-2","s__"
"180","20120700_S1D_107",3.11449810191193,"Sig. High","d__Bacteria","p__Fibrobacterota","c__Chitinivibrionia","o__Chitinivibrionales","f__Chitinispirillaceae","g__BOG-1184","s__BOG-1184 sp003164335"
"181","20120700_P3D_24",2.39637936353196,"Sig. High","d__Bacteria","p__Desulfobacterota","c__Desulfuromonadia","o__Geobacterales","f__Pseudopelobacteraceae","g__Pseudopelobacter","s__Pseudopelobacter sp003151775"
"182","20120700_S1D_97",2.76945092678564,"Sig. High","d__Bacteria","p__Desulfobacterota","c__Syntrophobacteria","o__Syntrophobacterales","f__Syntrophobacteraceae","g__SbD1","s__SbD1 sp003165235"
"183","20160700_E13_6",1.7683645642681,"High","d__Bacteria","p__Desulfobacterota","c__Syntrophia","o__Syntrophales","f__Smithellaceae","g__Smithella","s__"
"184","PLNV01",2.86271734133933,"Sig. High","d__Bacteria","p__Desulfobacterota","c__Syntrophia","o__Syntrophales","f__Smithellaceae","g__Smithella","s__Smithella sp003139775"
"185","20150700_E15_6",1.75040361067999,"High","d__Bacteria","p__Desulfobacterota","c__Syntrophia","o__Syntrophales","f__Smithellaceae","g__Smithella","s__"
"186","20170700_S34_25",1.8343041131941,"High","d__Bacteria","p__Desulfobacterota","c__Syntrophia","o__Syntrophales","f__Smithellaceae","g__UBA4810","s__UBA4810 sp002479215"
"187","PLSJ01",2.8435696987817,"Sig. High","d__Bacteria","p__Desulfobacterota","c__Syntrophorhabdia","o__Syntrophorhabdales","f__WCHB1-27","g__BOG-1155","s__BOG-1155 sp003165115"
"188","20160700_S11_1",3.17669182630441,"Sig. High","d__Bacteria","p__Myxococcota","c__Polyangia","o__Polyangiales","f__Polyangiaceae","g__Palsa-1150","s__"
"189","20120700_P3D_83",2.67338366167751,"Sig. High","d__Bacteria","p__Myxococcota","c__Polyangia","o__Polyangiales","f__Polyangiaceae","g__","s__"
"190","PMZX01",2.55983170677687,"Sig. High","d__Bacteria","p__Myxococcota","c__Polyangia","o__Palsa-1104","f__Fen-1088","g__Fen-1137","s__Fen-1137 sp003170035"
"191","20170700_S35_2",2.59763990795606,"Sig. High","d__Bacteria","p__Myxococcota","c__Polyangia","o__Palsa-1104","f__Fen-1088","g__Fen-1118","s__"
"192","20110800_S3S_2",1.87695560595396,"High","d__Bacteria","p__Proteobacteria","c__Gammaproteobacteria","o__Burkholderiales","f__Burkholderiaceae","g__BOG-994","s__BOG-994 sp003136595"
"193","3300037359_10",1.70606415711401,"High","d__Bacteria","p__Proteobacteria","c__Gammaproteobacteria","o__Burkholderiales","f__Gallionellaceae","g__PALSA-1006","s__"
"194","20120700_S1D_35",2.478533227625,"Sig. High","d__Bacteria","p__Proteobacteria","c__Gammaproteobacteria","o__UBA6186","f__UBA6186","g__UBA6186","s__"
"195","20110800_S3S_21",-0.325287815111159,"Insignificant","d__Bacteria","p__Proteobacteria","c__Gammaproteobacteria","o__Steroidobacterales","f__Steroidobacteraceae","g__","s__"
"196","20140700_S31_11",-0.448673215674543,"Insignificant","d__Bacteria","p__Proteobacteria","c__Gammaproteobacteria","o__Steroidobacterales","f__Steroidobacteraceae","g__Bog-1198","s__"
"197","20111000_S3M_6",-0.408115137179426,"Insignificant","d__Bacteria","p__Proteobacteria","c__Gammaproteobacteria","o__Steroidobacterales","f__Steroidobacteraceae","g__Bog-1198","s__"
"198","20160700_S23_8",-0.670030570176685,"Insignificant","d__Bacteria","p__Proteobacteria","c__Gammaproteobacteria","o__Steroidobacterales","f__Steroidobacteraceae","g__Bog-1198","s__"
"199","20111000_S2M_4",-0.567306618686148,"Insignificant","d__Bacteria","p__Proteobacteria","c__Gammaproteobacteria","o__Steroidobacterales","f__Steroidobacteraceae","g__Bog-1198","s__Bog-1198 sp003134045"
"200","20111000_S3S_4",-0.569818021757365,"Insignificant","d__Bacteria","p__Proteobacteria","c__Gammaproteobacteria","o__Steroidobacterales","f__Steroidobacteraceae","g__Bog-1198","s__"
"201","20110800_S2M_9",-0.639262070145019,"Insignificant","d__Bacteria","p__Proteobacteria","c__Gammaproteobacteria","o__Steroidobacterales","f__Steroidobacteraceae","g__Bog-1198","s__Bog-1198 sp003164785"
"202","20111000_S3S_11",-0.565186320613626,"Insignificant","d__Bacteria","p__Proteobacteria","c__Gammaproteobacteria","o__Steroidobacterales","f__Steroidobacteraceae","g__Bog-1198","s__"
"203","20160700_S14_9",-0.608821285204513,"Insignificant","d__Bacteria","p__Proteobacteria","c__Gammaproteobacteria","o__Steroidobacterales","f__Steroidobacteraceae","g__Bog-1198","s__"
"204","20120700_S1D_45",-0.495196492119133,"Insignificant","d__Bacteria","p__Proteobacteria","c__Gammaproteobacteria","o__Steroidobacterales","f__Steroidobacteraceae","g__Bog-1198","s__"
"205","20110800_S3S_8",-0.328330124930467,"Insignificant","d__Bacteria","p__Proteobacteria","c__Gammaproteobacteria","o__Steroidobacterales","f__Steroidobacteraceae","g__Bog-1198","s__"
"206","20160700_E21_6",-0.321095053361531,"Insignificant","d__Bacteria","p__Proteobacteria","c__Gammaproteobacteria","o__Steroidobacterales","f__Steroidobacteraceae","g__","s__"
"207","20110800_S3S_13",0.437487471363594,"Insignificant","d__Bacteria","p__Proteobacteria","c__Gammaproteobacteria","o__Steroidobacterales","f__Steroidobacteraceae","g__","s__"
"208","20150700_S23_2",0.37106066285155,"Insignificant","d__Bacteria","p__Proteobacteria","c__Gammaproteobacteria","o__Steroidobacterales","f__Steroidobacteraceae","g__FEN-1191","s__"
"209","20160700_S33_6",0.820028594878693,"Insignificant","d__Bacteria","p__Proteobacteria","c__Gammaproteobacteria","o__Steroidobacterales","f__Steroidobacteraceae","g__FEN-1191","s__"
"210","20140700_S33_15",0.384679996719042,"Insignificant","d__Bacteria","p__Proteobacteria","c__Gammaproteobacteria","o__Steroidobacterales","f__Steroidobacteraceae","g__FEN-1191","s__"
"211","3300022861_3",3.37568578146814,"Sig. High","d__Bacteria","p__Proteobacteria","c__Gammaproteobacteria","o__Enterobacterales","f__Enterobacteriaceae","g__159R","s__"
"212","20120700_S1D_20",1.13564776638436,"High","d__Bacteria","p__Proteobacteria","c__Alphaproteobacteria","o__Azospirillales_A","f__BOG-932","g__BOG-932","s__BOG-932 sp003165335"
"213","20160700_S13_19",-0.271161783937277,"Insignificant","d__Bacteria","p__Proteobacteria","c__Alphaproteobacteria","o__Acetobacterales","f__Acetobacteraceae","g__Acidocella","s__"
"214","3300037196_13",-0.16797866490637,"Insignificant","d__Bacteria","p__Proteobacteria","c__Alphaproteobacteria","o__Acetobacterales","f__Acetobacteraceae","g__Acidocella","s__"
"215","20120700_S1D_52",-0.126776482953935,"Insignificant","d__Bacteria","p__Proteobacteria","c__Alphaproteobacteria","o__Acetobacterales","f__Acetobacteraceae","g__Acidocella","s__Acidocella sp003164135"
"216","20110800_S3S_33",-0.148108902493995,"Insignificant","d__Bacteria","p__Proteobacteria","c__Alphaproteobacteria","o__Acetobacterales","f__Acetobacteraceae","g__Acidocella","s__Acidocella sp003137135"
"217","20150700_S21_9",-0.20497086983674,"Insignificant","d__Bacteria","p__Proteobacteria","c__Alphaproteobacteria","o__Acetobacterales","f__Acetobacteraceae","g__Rhodopila","s__"
"218","20120700_S1D_95",-0.0445063350613755,"Insignificant","d__Bacteria","p__Proteobacteria","c__Alphaproteobacteria","o__Acetobacterales","f__Acetobacteraceae","g__BOG-934","s__BOG-934 sp003164305"
"219","20170700_S33_24",-0.231356374247791,"Insignificant","d__Bacteria","p__Proteobacteria","c__Alphaproteobacteria","o__Acetobacterales","f__Acetobacteraceae","g__Palsa-883","s__"
"220","20110800_S3S_28",-0.132353624068263,"Insignificant","d__Bacteria","p__Proteobacteria","c__Alphaproteobacteria","o__Acetobacterales","f__Acetobacteraceae","g__","s__"
"221","PLTJ01",-0.149680143063993,"Insignificant","d__Bacteria","p__Proteobacteria","c__Alphaproteobacteria","o__Acetobacterales","f__Acetobacteraceae","g__BOG-930","s__BOG-930 sp003164455"
"222","20150700_E23_13",-0.248940089872159,"Insignificant","d__Bacteria","p__Proteobacteria","c__Alphaproteobacteria","o__Acetobacterales","f__Acetobacteraceae","g__BOG-930","s__"
"223","PLSL01",0.0522012139701997,"Insignificant","d__Bacteria","p__Proteobacteria","c__Alphaproteobacteria","o__Acetobacterales","f__Acetobacteraceae","g__","s__"
"224","20111000_S3S_5",0.0249099197787555,"Insignificant","d__Bacteria","p__Proteobacteria","c__Alphaproteobacteria","o__Acetobacterales","f__Acetobacteraceae","g__BOG-908","s__BOG-908 sp003133065"
"225","20110800_P2D_9",0.306438626932855,"Insignificant","d__Bacteria","p__Proteobacteria","c__Alphaproteobacteria","o__Rhizobiales","f__Xanthobacteraceae","g__Bradyrhizobium","s__"
"226","20140700_S21_6",-0.455277608806571,"Insignificant","d__Bacteria","p__Proteobacteria","c__Alphaproteobacteria","o__Rhizobiales","f__Xanthobacteraceae","g__BOG-931","s__"
"227","20120700_S1D_87",-0.301242153054745,"Insignificant","d__Bacteria","p__Proteobacteria","c__Alphaproteobacteria","o__Rhizobiales","f__Xanthobacteraceae","g__BOG-931","s__BOG-931 sp003164375"
"228","20120700_P3D_87",-0.373169073711014,"Insignificant","d__Bacteria","p__Proteobacteria","c__Alphaproteobacteria","o__Rhizobiales","f__Xanthobacteraceae","g__BOG-931","s__"
"229","20150700_S21_2",0.322274349612772,"Insignificant","d__Bacteria","p__Proteobacteria","c__Alphaproteobacteria","o__Rhizobiales","f__Xanthobacteraceae","g__Pseudolabrys","s__"
"230","20120700_P2D_11",0.120973716795199,"Insignificant","d__Bacteria","p__Proteobacteria","c__Alphaproteobacteria","o__Rhizobiales","f__Xanthobacteraceae","g__Pseudolabrys","s__Pseudolabrys sp003152455"
"231","3300036888_6",-0.407724131839096,"Insignificant","d__Bacteria","p__Proteobacteria","c__Alphaproteobacteria","o__Rhizobiales","f__Beijerinckiaceae","g__Roseiarcus","s__"
"232","3300037360_7",-0.446963701758529,"Insignificant","d__Bacteria","p__Proteobacteria","c__Alphaproteobacteria","o__Rhizobiales","f__Beijerinckiaceae","g__Roseiarcus","s__"
"233","20120700_S1D_27",-0.0785188243142949,"Insignificant","d__Bacteria","p__Proteobacteria","c__Alphaproteobacteria","o__Rhizobiales","f__Beijerinckiaceae","g__Roseiarcus","s__Roseiarcus sp003164915"
"234","20120700_P3S_1",-0.205644502332283,"Insignificant","d__Bacteria","p__Proteobacteria","c__Alphaproteobacteria","o__Rhizobiales","f__Beijerinckiaceae","g__Roseiarcus","s__Roseiarcus sp003164825"
"235","3300037040_8",-0.740968108394466,"Insignificant","d__Bacteria","p__Proteobacteria","c__Alphaproteobacteria","o__Rhizobiales","f__Beijerinckiaceae","g__Methylocystis","s__"
"236","20120700_P3D_148",-0.822228166401076,"Insignificant","d__Bacteria","p__Proteobacteria","c__Alphaproteobacteria","o__Rhizobiales","f__Beijerinckiaceae","g__Methylocystis","s__Methylocystis sp003152255"
"237","20140700_S12_15",-11.5932553558618,"Sig. Low","d__Bacteria","p__Proteobacteria","c__Alphaproteobacteria","o__Rhizobiales","f__Beijerinckiaceae","g__Methylocystis","s__Methylocystis sp003134075"
"238","20120700_S1D_31",-0.259604456563109,"Insignificant","d__Bacteria","p__Proteobacteria","c__Alphaproteobacteria","o__Rhizobiales","f__Beijerinckiaceae","g__Rhodoblastus","s__"
"239","20120700_S1D_6",0.0805987693680411,"Insignificant","d__Bacteria","p__Proteobacteria","c__Alphaproteobacteria","o__Rhizobiales","f__Beijerinckiaceae","g__Rhodoblastus","s__"
"240","20120700_S1D_106",-0.216664256610111,"Insignificant","d__Bacteria","p__Proteobacteria","c__Alphaproteobacteria","o__Rhizobiales","f__Beijerinckiaceae","g__Methylocella","s__"
"241","20170700_S35_4",-0.412273711858216,"Insignificant","d__Bacteria","p__Proteobacteria","c__Alphaproteobacteria","o__Rhizobiales","f__Beijerinckiaceae","g__Methylocella","s__"
"242","20130700_S1X_7",0.037130065062754,"Insignificant","d__Bacteria","p__Proteobacteria","c__Alphaproteobacteria","o__Rhizobiales","f__Beijerinckiaceae","g__Methylocella","s__Methylocella sp003162995"
"243","20111000_S3S_9",0.291257082905563,"Insignificant","d__Bacteria","p__Proteobacteria","c__Alphaproteobacteria","o__Caulobacterales","f__Caulobacteraceae","g__Palsa-881","s__Palsa-881 sp003136615"
"244","20111000_S3S_12",0.141905623791173,"Insignificant","d__Bacteria","p__Proteobacteria","c__Alphaproteobacteria","o__Caulobacterales","f__Caulobacteraceae","g__Palsa-881","s__"
"245","PLSW01",0.185577543718565,"Insignificant","d__Bacteria","p__Proteobacteria","c__Alphaproteobacteria","o__Caulobacterales","f__Caulobacteraceae","g__BOG-935","s__BOG-935 sp003165275"
"246","20120700_S1D_84",0.294940643760548,"Insignificant","d__Bacteria","p__Proteobacteria","c__Alphaproteobacteria","o__Caulobacterales","f__Caulobacteraceae","g__BOG-938","s__BOG-938 sp003164925"
"247","20110800_S3S_11",3.52989293692624,"Sig. High","d__Bacteria","p__Bdellovibrionota","c__Oligoflexia","o__Oligoflexales","f__Bog-1112","g__BOG-1112","s__BOG-1112 sp003136475"
"248","20120700_S1D_102",-0.31363962520727,"Insignificant","d__Bacteria","p__Acidobacteriota","c__Acidobacteriae","o__Bryobacterales","f__Bryobacteraceae","g__Solibacter","s__"
"249","20110800_E3D_18",-0.424038917926789,"Insignificant","d__Bacteria","p__Acidobacteriota","c__Acidobacteriae","o__Bryobacterales","f__Bryobacteraceae","g__PALSA-129","s__"
"250","20110700_P2D_9",-0.462153141292606,"Insignificant","d__Bacteria","p__Acidobacteriota","c__Acidobacteriae","o__Bryobacterales","f__Bryobacteraceae","g__PALSA-129","s__PALSA-129 sp003167255"
"251","20160700_S23_17",-0.596192052068864,"Insignificant","d__Bacteria","p__Acidobacteriota","c__Acidobacteriae","o__Bryobacterales","f__Bryobacteraceae","g__","s__"
"252","20120700_S1D_19",-0.616283197675303,"Insignificant","d__Bacteria","p__Acidobacteriota","c__Acidobacteriae","o__Bryobacterales","f__Bryobacteraceae","g__","s__"
"253","20120700_S1D_60",-0.699295634641115,"Insignificant","d__Bacteria","p__Acidobacteriota","c__Acidobacteriae","o__Bryobacterales","f__Bryobacteraceae","g__","s__"
"254","20130700_C2M_5",-0.259576755211906,"Insignificant","d__Bacteria","p__Acidobacteriota","c__Acidobacteriae","o__Bryobacterales","f__Bryobacteraceae","g__Bog-375","s__"
"255","20120600_E1D_20",-0.340136144082985,"Insignificant","d__Bacteria","p__Acidobacteriota","c__Acidobacteriae","o__Bryobacterales","f__Bryobacteraceae","g__Bog-375","s__"
"256","20170700_S34_29",-0.608034359153741,"Insignificant","d__Bacteria","p__Acidobacteriota","c__Acidobacteriae","o__Bryobacterales","f__Bryobacteraceae","g__Bog-375","s__"
"257","20120700_S1D_55",-0.224607469713928,"Insignificant","d__Bacteria","p__Acidobacteriota","c__Acidobacteriae","o__Bryobacterales","f__Bryobacteraceae","g__Bog-375","s__Bog-375 sp003164035"
"258","20130700_C2M_9",-0.441632965856962,"Insignificant","d__Bacteria","p__Acidobacteriota","c__Acidobacteriae","o__Bryobacterales","f__Bryobacteraceae","g__Fen-178","s__"
"259","20120700_S1X_15",-0.270610893553669,"Insignificant","d__Bacteria","p__Acidobacteriota","c__Acidobacteriae","o__Bryobacterales","f__Bryobacteraceae","g__Fen-178","s__"
"260","20120800_E3S_6",-0.365397967185256,"Insignificant","d__Bacteria","p__Acidobacteriota","c__Acidobacteriae","o__Bryobacterales","f__Bryobacteraceae","g__Fen-178","s__Fen-178 sp003142355"
"261","20110600_S3M_2",-0.339558076699537,"Insignificant","d__Bacteria","p__Acidobacteriota","c__Acidobacteriae","o__Bryobacterales","f__Bryobacteraceae","g__Fen-178","s__"
"262","20120700_P3D_102",-0.383826395949161,"Insignificant","d__Bacteria","p__Acidobacteriota","c__Acidobacteriae","o__Bryobacterales","f__Bryobacteraceae","g__Fen-178","s__Fen-178 sp003170915"
"263","20130700_C1Y_13",-0.334686367408641,"Insignificant","d__Bacteria","p__Acidobacteriota","c__Acidobacteriae","o__Bryobacterales","f__Bryobacteraceae","g__BOG-224","s__"
"264","20110800_S3D_28",-0.219977593024197,"Insignificant","d__Bacteria","p__Acidobacteriota","c__Acidobacteriae","o__Bryobacterales","f__Bryobacteraceae","g__BOG-224","s__BOG-224 sp003139735"
"265","20160700_S23_5",-0.573281674061603,"Insignificant","d__Bacteria","p__Acidobacteriota","c__Acidobacteriae","o__Bryobacterales","f__Bryobacteraceae","g__Bog-159","s__"
"266","20140700_S22_6",-0.531604096386015,"Insignificant","d__Bacteria","p__Acidobacteriota","c__Acidobacteriae","o__Bryobacterales","f__Bryobacteraceae","g__Bog-159","s__"
"267","20110800_S1D_14",-0.617373145185769,"Insignificant","d__Bacteria","p__Acidobacteriota","c__Acidobacteriae","o__Bryobacterales","f__Bryobacteraceae","g__Bog-159","s__Bog-159 sp003166475"
"268","20120700_S1D_46",-0.597140165314328,"Insignificant","d__Bacteria","p__Acidobacteriota","c__Acidobacteriae","o__Bryobacterales","f__Bryobacteraceae","g__Bog-159","s__"
"269","20120700_S1D_33",0.0133936576864714,"Insignificant","d__Bacteria","p__Acidobacteriota","c__Acidobacteriae","o__Bryobacterales","f__Bryobacteraceae","g__BOG-234","s__"
"270","20110800_S3S_27",0.0887589207223282,"Insignificant","d__Bacteria","p__Acidobacteriota","c__Acidobacteriae","o__Bryobacterales","f__Bryobacteraceae","g__Bog-113","s__Bog-113 sp003136675"
"271","20110800_S3S_24",-0.0293003685369817,"Insignificant","d__Bacteria","p__Acidobacteriota","c__Acidobacteriae","o__Bryobacterales","f__Bryobacteraceae","g__BOG-234","s__BOG-234 sp003136575"
"272","20120700_S1D_5",-0.0434249529692477,"Insignificant","d__Bacteria","p__Acidobacteriota","c__Acidobacteriae","o__Bryobacterales","f__Bryobacteraceae","g__BOG-234","s__"
"273","20111000_S2S_7",0.265249510848274,"Insignificant","d__Bacteria","p__Acidobacteriota","c__Acidobacteriae","o__Bryobacterales","f__Bryobacteraceae","g__Bog-105","s__"
"274","20120700_S1S_6",0.36170186314402,"Insignificant","d__Bacteria","p__Acidobacteriota","c__Acidobacteriae","o__Bryobacterales","f__Bryobacteraceae","g__Bog-105","s__Bog-105 sp003163855"
"275","20110600_S1S_4",0.841332511217535,"Insignificant","d__Bacteria","p__Acidobacteriota","c__Acidobacteriae","o__Bryobacterales","f__Bryobacteraceae","g__Bog-105","s__Bog-105 sp003169195"
"276","20150700_S21_10",0.410536716397224,"Insignificant","d__Bacteria","p__Acidobacteriota","c__Acidobacteriae","o__Bryobacterales","f__Bryobacteraceae","g__","s__"
"277","20160700_P15_5",0.209810274961062,"Insignificant","d__Bacteria","p__Acidobacteriota","c__Acidobacteriae","o__Bryobacterales","f__Bryobacteraceae","g__Palsa-89","s__Palsa-89 sp003166875"
"278","20140700_S12_11",0.231696167267479,"Insignificant","d__Bacteria","p__Acidobacteriota","c__Acidobacteriae","o__Bryobacterales","f__Bryobacteraceae","g__","s__"
"279","20170700_S25_8",-0.422296684768406,"Insignificant","d__Bacteria","p__Acidobacteriota","c__Acidobacteriae","o__Bryobacterales","f__Bryobacteraceae","g__","s__"
"280","20120700_P3D_101",-0.221014431261142,"Insignificant","d__Bacteria","p__Acidobacteriota","c__Acidobacteriae","o__Bryobacterales","f__Bryobacteraceae","g__","s__"
"281","20120500_P32_6",-0.312289363125748,"Insignificant","d__Bacteria","p__Acidobacteriota","c__Acidobacteriae","o__Acidobacteriales","f__Acidobacteriaceae","g__Palsa-343","s__Palsa-343 sp003131625"
"282","20170700_S25_3",-0.265267850373977,"Insignificant","d__Bacteria","p__Acidobacteriota","c__Acidobacteriae","o__Acidobacteriales","f__Acidobacteriaceae","g__Palsa-343","s__Palsa-343 sp003152595"
"283","20150700_P15_5",-0.173393286333079,"Insignificant","d__Bacteria","p__Acidobacteriota","c__Acidobacteriae","o__Acidobacteriales","f__Acidobacteriaceae","g__Palsa-343","s__"
"284","20140700_S21_18",0.233691478891759,"Insignificant","d__Bacteria","p__Acidobacteriota","c__Acidobacteriae","o__Acidobacteriales","f__Acidobacteriaceae","g__Palsa-343","s__"
"285","20111000_S3S_10",-0.0419412180420694,"Insignificant","d__Bacteria","p__Acidobacteriota","c__Acidobacteriae","o__Acidobacteriales","f__Acidobacteriaceae","g__SBC82","s__"
"286","20110800_S3S_26",0.00167820512882406,"Insignificant","d__Bacteria","p__Acidobacteriota","c__Acidobacteriae","o__Acidobacteriales","f__Acidobacteriaceae","g__SBC82","s__"
"287","20120600_P3M_9",0.132582877238374,"Insignificant","d__Bacteria","p__Acidobacteriota","c__Acidobacteriae","o__Acidobacteriales","f__Acidobacteriaceae","g__PALSA-350","s__"
"288","20110800_S3S_25",-0.328061375803544,"Insignificant","d__Bacteria","p__Acidobacteriota","c__Acidobacteriae","o__Acidobacteriales","f__Acidobacteriaceae","g__Terracidiphilus","s__"
"289","20120700_S1D_64",-0.395870310291734,"Insignificant","d__Bacteria","p__Acidobacteriota","c__Acidobacteriae","o__Acidobacteriales","f__Acidobacteriaceae","g__Terracidiphilus","s__"
"290","20120600_S1D_1",-0.358790018001094,"Insignificant","d__Bacteria","p__Acidobacteriota","c__Acidobacteriae","o__Acidobacteriales","f__Acidobacteriaceae","g__Terracidiphilus","s__Terracidiphilus sp003156495"
"291","20110600_S1D_15",-0.427820459061766,"Insignificant","d__Bacteria","p__Acidobacteriota","c__Acidobacteriae","o__Acidobacteriales","f__Acidobacteriaceae","g__Terracidiphilus","s__Terracidiphilus sp003165005"
"292","20110600_P1M_18",-0.547935064241348,"Insignificant","d__Bacteria","p__Acidobacteriota","c__Acidobacteriae","o__Acidobacteriales","f__Acidobacteriaceae","g__Terracidiphilus","s__"
"293","20120700_P1D_9",-0.529015195470711,"Insignificant","d__Bacteria","p__Acidobacteriota","c__Acidobacteriae","o__Acidobacteriales","f__Acidobacteriaceae","g__Terracidiphilus","s__"
"294","20170700_S25_14",-0.549461912812397,"Insignificant","d__Bacteria","p__Acidobacteriota","c__Acidobacteriae","o__Acidobacteriales","f__Acidobacteriaceae","g__Terracidiphilus","s__"
"295","20140700_S16_1",-0.533657682830538,"Insignificant","d__Bacteria","p__Acidobacteriota","c__Acidobacteriae","o__Acidobacteriales","f__Acidobacteriaceae","g__Terracidiphilus","s__"
"296","20170700_S24_10",-0.461373325207111,"Insignificant","d__Bacteria","p__Acidobacteriota","c__Acidobacteriae","o__Acidobacteriales","f__Acidobacteriaceae","g__Terracidiphilus","s__Terracidiphilus sp003138515"
"297","20140700_S32_12",-0.478073353082507,"Insignificant","d__Bacteria","p__Acidobacteriota","c__Acidobacteriae","o__Acidobacteriales","f__Acidobacteriaceae","g__Terracidiphilus","s__"
"298","20120700_S1D_114",-0.465222712636473,"Insignificant","d__Bacteria","p__Acidobacteriota","c__Acidobacteriae","o__Acidobacteriales","f__Acidobacteriaceae","g__Terracidiphilus","s__Terracidiphilus sp003165075"
"299","20120800_P1D_1",-0.449246191723836,"Insignificant","d__Bacteria","p__Acidobacteriota","c__Acidobacteriae","o__Acidobacteriales","f__Acidobacteriaceae","g__Terracidiphilus","s__Terracidiphilus sp003140785"
"300","20150700_P31_7",-0.424980045500011,"Insignificant","d__Bacteria","p__Acidobacteriota","c__Acidobacteriae","o__Acidobacteriales","f__Acidobacteriaceae","g__Terracidiphilus","s__"
"301","20140700_S21_12",-0.667527957571014,"Insignificant","d__Bacteria","p__Acidobacteriota","c__Acidobacteriae","o__Acidobacteriales","f__Acidobacteriaceae","g__Terracidiphilus","s__"
"302","20110800_S3M_18",-0.738365568846802,"Insignificant","d__Bacteria","p__Acidobacteriota","c__Acidobacteriae","o__Acidobacteriales","f__Acidobacteriaceae","g__Terracidiphilus","s__Terracidiphilus sp003165935"
"303","20130700_C2D_3",-0.524230262446727,"Insignificant","d__Bacteria","p__Acidobacteriota","c__Acidobacteriae","o__Acidobacteriales","f__Acidobacteriaceae","g__Terracidiphilus","s__"
"304","20170700_S25_13",-0.521271906816566,"Insignificant","d__Bacteria","p__Acidobacteriota","c__Acidobacteriae","o__Acidobacteriales","f__Acidobacteriaceae","g__Terracidiphilus","s__Terracidiphilus sp003165095"
"305","20130700_S3M_3",-0.554830865575642,"Insignificant","d__Bacteria","p__Acidobacteriota","c__Acidobacteriae","o__Acidobacteriales","f__Acidobacteriaceae","g__Terracidiphilus","s__"
"306","20150700_E15_22",-0.495094748484552,"Insignificant","d__Bacteria","p__Acidobacteriota","c__Acidobacteriae","o__Acidobacteriales","f__Acidobacteriaceae","g__Terracidiphilus","s__"
"307","20170700_S24_14",-11.6359130443573,"Sig. Low","d__Bacteria","p__Acidobacteriota","c__Acidobacteriae","o__Acidobacteriales","f__Acidobacteriaceae","g__Terracidiphilus","s__"
"308","20120800_E1D_18",-0.666365285934455,"Insignificant","d__Bacteria","p__Acidobacteriota","c__Acidobacteriae","o__Acidobacteriales","f__Acidobacteriaceae","g__Terracidiphilus","s__Terracidiphilus sp003142935"
"309","20110600_S1M_11",-0.679053633150123,"Insignificant","d__Bacteria","p__Acidobacteriota","c__Acidobacteriae","o__Acidobacteriales","f__Acidobacteriaceae","g__Terracidiphilus","s__"
"310","20120700_S1D_104",-0.655784636185834,"Insignificant","d__Bacteria","p__Acidobacteriota","c__Acidobacteriae","o__Acidobacteriales","f__Acidobacteriaceae","g__Terracidiphilus","s__"
"311","20150700_S15_15",-0.617551312137603,"Insignificant","d__Bacteria","p__Acidobacteriota","c__Acidobacteriae","o__Acidobacteriales","f__Acidobacteriaceae","g__Terracidiphilus","s__"
"312","20110700_S3M_11",-0.634960220005783,"Insignificant","d__Bacteria","p__Acidobacteriota","c__Acidobacteriae","o__Acidobacteriales","f__Acidobacteriaceae","g__Terracidiphilus","s__Terracidiphilus sp003139795"
"313","20120800_E3X_27",-0.650520884049927,"Insignificant","d__Bacteria","p__Acidobacteriota","c__Acidobacteriae","o__Acidobacteriales","f__Acidobacteriaceae","g__Terracidiphilus","s__Terracidiphilus sp003170825"
"314","20170700_S25_7",-0.648297050450529,"Insignificant","d__Bacteria","p__Acidobacteriota","c__Acidobacteriae","o__Acidobacteriales","f__Acidobacteriaceae","g__Terracidiphilus","s__"
"315","20170700_S33_23",-0.607316617712441,"Insignificant","d__Bacteria","p__Acidobacteriota","c__Acidobacteriae","o__Acidobacteriales","f__Acidobacteriaceae","g__Terracidiphilus","s__"
"316","20150700_E15_20",-0.719143709873232,"Insignificant","d__Bacteria","p__Acidobacteriota","c__Acidobacteriae","o__Acidobacteriales","f__Acidobacteriaceae","g__Terracidiphilus","s__"
"317","20110800_S2M_3",-11.6113411547946,"Sig. Low","d__Bacteria","p__Acidobacteriota","c__Acidobacteriae","o__Acidobacteriales","f__Acidobacteriaceae","g__Terracidiphilus","s__Terracidiphilus sp003138365"
"318","20130700_S2D_2",-0.613052779851387,"Insignificant","d__Bacteria","p__Acidobacteriota","c__Acidobacteriae","o__Acidobacteriales","f__Acidobacteriaceae","g__Terracidiphilus","s__"
"319","20150700_E14_10",-0.632440220724723,"Insignificant","d__Bacteria","p__Acidobacteriota","c__Acidobacteriae","o__Acidobacteriales","f__Acidobacteriaceae","g__Terracidiphilus","s__"
"320","20120700_S3X_7",-0.505657678656427,"Insignificant","d__Bacteria","p__Acidobacteriota","c__Acidobacteriae","o__Acidobacteriales","f__Acidobacteriaceae","g__Terracidiphilus","s__Terracidiphilus sp003166055"
"321","20150700_S23_11",-0.323652751863436,"Insignificant","d__Bacteria","p__Acidobacteriota","c__Acidobacteriae","o__Acidobacteriales","f__Acidobacteriaceae","g__Terracidiphilus","s__Terracidiphilus sp003164635"
"322","20110700_P1S_2",-0.552988270015048,"Insignificant","d__Bacteria","p__Acidobacteriota","c__Acidobacteriae","o__Acidobacteriales","f__Acidobacteriaceae","g__Terracidiphilus","s__"
"323","20130700_C2Y_2",-0.535212843292928,"Insignificant","d__Bacteria","p__Acidobacteriota","c__Acidobacteriae","o__Acidobacteriales","f__Acidobacteriaceae","g__Terracidiphilus","s__"
"324","20130700_S2M_1",-0.515774592223223,"Insignificant","d__Bacteria","p__Acidobacteriota","c__Acidobacteriae","o__Acidobacteriales","f__Acidobacteriaceae","g__Terracidiphilus","s__"
"325","20120700_S1D_57",-0.539299366677706,"Insignificant","d__Bacteria","p__Acidobacteriota","c__Acidobacteriae","o__Acidobacteriales","f__Acidobacteriaceae","g__Terracidiphilus","s__"
"326","20120600_S2D_6",-0.531380408191368,"Insignificant","d__Bacteria","p__Acidobacteriota","c__Acidobacteriae","o__Acidobacteriales","f__Acidobacteriaceae","g__Terracidiphilus","s__"
"327","20170700_S25_9",-0.664282331718922,"Insignificant","d__Bacteria","p__Acidobacteriota","c__Acidobacteriae","o__Acidobacteriales","f__Acidobacteriaceae","g__Terracidiphilus","s__Terracidiphilus sp003161045"
"328","20160700_E25_15",-0.561710884050105,"Insignificant","d__Bacteria","p__Acidobacteriota","c__Acidobacteriae","o__Acidobacteriales","f__Acidobacteriaceae","g__Terracidiphilus","s__"
"329","20170700_S34_10",-0.477671809934549,"Insignificant","d__Bacteria","p__Acidobacteriota","c__Acidobacteriae","o__Acidobacteriales","f__Acidobacteriaceae","g__Terracidiphilus","s__"
"330","3300023248_5",-0.508698702485703,"Insignificant","d__Bacteria","p__Acidobacteriota","c__Acidobacteriae","o__Acidobacteriales","f__Acidobacteriaceae","g__Terracidiphilus","s__"
"331","20170700_E15_6",-0.426328031369262,"Insignificant","d__Bacteria","p__Acidobacteriota","c__Acidobacteriae","o__Acidobacteriales","f__Acidobacteriaceae","g__Terracidiphilus","s__"
"332","20120600_E3D_3",-0.511371909536633,"Insignificant","d__Bacteria","p__Acidobacteriota","c__Acidobacteriae","o__Acidobacteriales","f__Acidobacteriaceae","g__Terracidiphilus","s__"
"333","20120600_E1D_19",-0.723907980619301,"Insignificant","d__Bacteria","p__Acidobacteriota","c__Acidobacteriae","o__Acidobacteriales","f__Acidobacteriaceae","g__Terracidiphilus","s__"
"334","20120600_S1D_7",-0.658852562507685,"Insignificant","d__Bacteria","p__Acidobacteriota","c__Acidobacteriae","o__Acidobacteriales","f__Acidobacteriaceae","g__Terracidiphilus","s__Terracidiphilus sp003159355"
"335","20110700_P2D_11",-0.737682283207779,"Insignificant","d__Bacteria","p__Acidobacteriota","c__Acidobacteriae","o__Acidobacteriales","f__Acidobacteriaceae","g__Terracidiphilus","s__Terracidiphilus sp003167305"
"336","PLCS01",-0.759348803610273,"Insignificant","d__Bacteria","p__Acidobacteriota","c__Acidobacteriae","o__Acidobacteriales","f__Acidobacteriaceae","g__Terracidiphilus","s__Terracidiphilus sp003134855"
"337","20170700_S35_18",-0.636624755009393,"Insignificant","d__Bacteria","p__Acidobacteriota","c__Acidobacteriae","o__Acidobacteriales","f__Acidobacteriaceae","g__Terracidiphilus","s__"
"338","20150700_E15_4",-0.593001963226572,"Insignificant","d__Bacteria","p__Acidobacteriota","c__Acidobacteriae","o__Acidobacteriales","f__Acidobacteriaceae","g__Terracidiphilus","s__"
"339","20130700_E2Y_10",-0.623671887702819,"Insignificant","d__Bacteria","p__Acidobacteriota","c__Acidobacteriae","o__Acidobacteriales","f__Acidobacteriaceae","g__Terracidiphilus","s__"
"340","20160700_E23_21",-0.615721009883784,"Insignificant","d__Bacteria","p__Acidobacteriota","c__Acidobacteriae","o__Acidobacteriales","f__Acidobacteriaceae","g__Terracidiphilus","s__"
"341","20160700_E25_11",-0.642855386816527,"Insignificant","d__Bacteria","p__Acidobacteriota","c__Acidobacteriae","o__Acidobacteriales","f__Acidobacteriaceae","g__Terracidiphilus","s__"
"342","20140700_S16_20",-0.658047956967301,"Insignificant","d__Bacteria","p__Acidobacteriota","c__Acidobacteriae","o__Acidobacteriales","f__Acidobacteriaceae","g__Terracidiphilus","s__"
"343","20170700_S34_24",-0.631270557661127,"Insignificant","d__Bacteria","p__Acidobacteriota","c__Acidobacteriae","o__Acidobacteriales","f__Acidobacteriaceae","g__Terracidiphilus","s__Terracidiphilus sp003156235"
"344","20170700_S34_23",-0.635973064393426,"Insignificant","d__Bacteria","p__Acidobacteriota","c__Acidobacteriae","o__Acidobacteriales","f__Acidobacteriaceae","g__Terracidiphilus","s__"
"345","20120800_E1D_14",-11.6306630478747,"Sig. Low","d__Bacteria","p__Acidobacteriota","c__Acidobacteriae","o__Acidobacteriales","f__Acidobacteriaceae","g__Terracidiphilus","s__Terracidiphilus sp003142015"
"346","20140700_S11_11",-0.776452667082642,"Insignificant","d__Bacteria","p__Acidobacteriota","c__Acidobacteriae","o__Acidobacteriales","f__Acidobacteriaceae","g__Terracidiphilus","s__"
"347","20130700_S1Z_5",-0.609864526589607,"Insignificant","d__Bacteria","p__Acidobacteriota","c__Acidobacteriae","o__Acidobacteriales","f__Acidobacteriaceae","g__Terracidiphilus","s__"
"348","20150700_E14_2",-0.609809037177106,"Insignificant","d__Bacteria","p__Acidobacteriota","c__Acidobacteriae","o__Acidobacteriales","f__Acidobacteriaceae","g__Terracidiphilus","s__"
"349","20140700_S11_6",-0.561680687720617,"Insignificant","d__Bacteria","p__Acidobacteriota","c__Acidobacteriae","o__Acidobacteriales","f__Acidobacteriaceae","g__Terracidiphilus","s__"
"350","20140700_S11_15",-0.580399948392191,"Insignificant","d__Bacteria","p__Acidobacteriota","c__Acidobacteriae","o__Acidobacteriales","f__Acidobacteriaceae","g__Terracidiphilus","s__"
"351","20160700_E25_13",-0.650548550522134,"Insignificant","d__Bacteria","p__Acidobacteriota","c__Acidobacteriae","o__Acidobacteriales","f__Acidobacteriaceae","g__Terracidiphilus","s__"
"352","20170700_S33_5",-0.377089288765766,"Insignificant","d__Bacteria","p__Acidobacteriota","c__Acidobacteriae","o__Acidobacteriales","f__Acidobacteriaceae","g__Granulicella_A","s__"
"353","20120800_S3X_7",-0.234804741307698,"Insignificant","d__Bacteria","p__Acidobacteriota","c__Acidobacteriae","o__Acidobacteriales","f__Acidobacteriaceae","g__Granulicella_A","s__Granulicella_A sp003138795"
"354","20130700_S2S_12",-0.213591283039659,"Insignificant","d__Bacteria","p__Acidobacteriota","c__Acidobacteriae","o__Acidobacteriales","f__Acidobacteriaceae","g__Granulicella_A","s__"
"355","20110800_S3S_31",0.0275155804720137,"Insignificant","d__Bacteria","p__Acidobacteriota","c__Acidobacteriae","o__Acidobacteriales","f__Acidobacteriaceae","g__Granulicella","s__"
"356","20110800_S1S_12",-0.169911387679285,"Insignificant","d__Bacteria","p__Acidobacteriota","c__Acidobacteriae","o__Acidobacteriales","f__Acidobacteriaceae","g__Granulicella","s__"
"357","20170700_S25_1",-0.507598761867878,"Insignificant","d__Bacteria","p__Acidobacteriota","c__Acidobacteriae","o__Acidobacteriales","f__Acidobacteriaceae","g__Palsa-288","s__"
"358","20110600_S1D_17",-0.371522943009381,"Insignificant","d__Bacteria","p__Acidobacteriota","c__Acidobacteriae","o__Acidobacteriales","f__Acidobacteriaceae","g__Palsa-288","s__Palsa-288 sp003162875"
"359","20120700_S1D_51",-0.232160744220968,"Insignificant","d__Bacteria","p__Acidobacteriota","c__Acidobacteriae","o__Acidobacteriales","f__Acidobacteriaceae","g__Palsa-288","s__"
"360","PLPO01",-0.452420544983835,"Insignificant","d__Bacteria","p__Acidobacteriota","c__Acidobacteriae","o__Acidobacteriales","f__Acidobacteriaceae","g__Palsa-288","s__Palsa-288 sp003142235"
"361","20120500_P28_11",-0.412452082644278,"Insignificant","d__Bacteria","p__Acidobacteriota","c__Acidobacteriae","o__Acidobacteriales","f__Acidobacteriaceae","g__Palsa-288","s__Palsa-288 sp003132145"
"362","20170700_S24_5",-0.367638425601283,"Insignificant","d__Bacteria","p__Acidobacteriota","c__Acidobacteriae","o__Acidobacteriales","f__Acidobacteriaceae","g__Palsa-288","s__Palsa-288 sp003142215"
"363","20110800_E3M_6",-0.370694706810692,"Insignificant","d__Bacteria","p__Acidobacteriota","c__Acidobacteriae","o__Acidobacteriales","f__Koribacteraceae","g__FEN-335","s__FEN-335 sp003154055"
"364","20120600_S3M_3",-11.729746338331,"Sig. Low","d__Bacteria","p__Acidobacteriota","c__Acidobacteriae","o__Acidobacteriales","f__Koribacteraceae","g__Bog-209","s__Bog-209 sp003162935"
"365","20120500_P26_1",-0.647999518133127,"Insignificant","d__Bacteria","p__Acidobacteriota","c__Acidobacteriae","o__Acidobacteriales","f__Koribacteraceae","g__Bog-209","s__Bog-209 sp003132325"
"366","PLHP01",-0.631372207085572,"Insignificant","d__Bacteria","p__Acidobacteriota","c__Acidobacteriae","o__Acidobacteriales","f__Koribacteraceae","g__Bog-209","s__Bog-209 sp003138955"
"367","20120500_P38_6",-0.650900794765961,"Insignificant","d__Bacteria","p__Acidobacteriota","c__Acidobacteriae","o__Acidobacteriales","f__Koribacteraceae","g__Bog-209","s__Bog-209 sp003131315"
"368","20100900_E1D_10",-0.673287341783684,"Insignificant","d__Bacteria","p__Acidobacteriota","c__Acidobacteriae","o__Acidobacteriales","f__Koribacteraceae","g__Bog-209","s__Bog-209 sp003162255"
"369","20170700_S25_26",-0.654623379296797,"Insignificant","d__Bacteria","p__Acidobacteriota","c__Acidobacteriae","o__Acidobacteriales","f__Koribacteraceae","g__Bog-209","s__Bog-209 sp003139995"
"370","20160700_E25_27",-0.723601513182371,"Insignificant","d__Bacteria","p__Acidobacteriota","c__Acidobacteriae","o__Acidobacteriales","f__Koribacteraceae","g__Bog-209","s__"
"371","20160700_S15_2",-0.670541684987409,"Insignificant","d__Bacteria","p__Acidobacteriota","c__Acidobacteriae","o__Acidobacteriales","f__Koribacteraceae","g__Bog-209","s__"
"372","20111000_S1D_6",-0.643996370733563,"Insignificant","d__Bacteria","p__Acidobacteriota","c__Acidobacteriae","o__Acidobacteriales","f__Koribacteraceae","g__Bog-209","s__Bog-209 sp003134435"
"373","20160700_S23_13",-0.61574447879459,"Insignificant","d__Bacteria","p__Acidobacteriota","c__Acidobacteriae","o__Acidobacteriales","f__Koribacteraceae","g__Bog-209","s__"
"374","20120700_S1D_21",-0.455206549022207,"Insignificant","d__Bacteria","p__Acidobacteriota","c__Acidobacteriae","o__Acidobacteriales","f__Koribacteraceae","g__Bog-209","s__"
"375","20170700_S33_29",-0.502832576374303,"Insignificant","d__Bacteria","p__Acidobacteriota","c__Acidobacteriae","o__Acidobacteriales","f__Koribacteraceae","g__Bog-209","s__Bog-209 sp003139975"
"376","20110800_S3D_19",-0.453491736971052,"Insignificant","d__Bacteria","p__Acidobacteriota","c__Acidobacteriae","o__Acidobacteriales","f__Koribacteraceae","g__Bog-209","s__Bog-209 sp003139095"
"377","20120700_P3D_35",-0.0954594986280645,"Insignificant","d__Bacteria","p__Acidobacteriota","c__Acidobacteriae","o__Acidobacteriales","f__Koribacteraceae","g__PALSA-270","s__"
"378","20120700_S1D_86",-0.168800915857518,"Insignificant","d__Bacteria","p__Acidobacteriota","c__Acidobacteriae","o__Acidobacteriales","f__Koribacteraceae","g__","s__"
"379","20170700_S31_11",-0.0680821992011658,"Insignificant","d__Bacteria","p__Acidobacteriota","c__Acidobacteriae","o__Acidobacteriales","f__Koribacteraceae","g__Sulfotelmatobacter","s__"
"380","20110800_S1M_8",-0.381663018355965,"Insignificant","d__Bacteria","p__Acidobacteriota","c__Acidobacteriae","o__Acidobacteriales","f__Koribacteraceae","g__Sulfotelmatobacter","s__Sulfotelmatobacter sp003138975"
"381","20140700_S21_14",-0.133275535747983,"Insignificant","d__Bacteria","p__Acidobacteriota","c__Acidobacteriae","o__Acidobacteriales","f__Koribacteraceae","g__Sulfotelmatobacter","s__"
"382","20110700_S3M_15",-0.183723819313031,"Insignificant","d__Bacteria","p__Acidobacteriota","c__Acidobacteriae","o__Acidobacteriales","f__Koribacteraceae","g__Sulfotelmatobacter","s__Sulfotelmatobacter sp003165855"
"383","20130700_S3Z_1",-0.358873238938275,"Insignificant","d__Bacteria","p__Acidobacteriota","c__Acidobacteriae","o__Acidobacteriales","f__Koribacteraceae","g__Sulfotelmatobacter","s__"
"384","20150700_S21_6",-0.282952571993385,"Insignificant","d__Bacteria","p__Acidobacteriota","c__Acidobacteriae","o__Acidobacteriales","f__Koribacteraceae","g__Sulfotelmatobacter","s__"
"385","20111000_P2S_1",-0.301461133278974,"Insignificant","d__Bacteria","p__Acidobacteriota","c__Acidobacteriae","o__Acidobacteriales","f__Koribacteraceae","g__Sulfotelmatobacter","s__Sulfotelmatobacter sp003134995"
"386","20110700_S3M_12",-0.110332414444126,"Insignificant","d__Bacteria","p__Acidobacteriota","c__Acidobacteriae","o__Acidobacteriales","f__Koribacteraceae","g__TOLSYN","s__"
"387","20120700_S1D_41",-0.215664999593543,"Insignificant","d__Bacteria","p__Acidobacteriota","c__Acidobacteriae","o__Acidobacteriales","f__Koribacteraceae","g__TOLSYN","s__"
"388","20120700_S1D_79",-0.256522103913372,"Insignificant","d__Bacteria","p__Acidobacteriota","c__Acidobacteriae","o__Acidobacteriales","f__Koribacteraceae","g__TOLSYN","s__"
"389","20150700_E23_6",-0.346657808244392,"Insignificant","d__Bacteria","p__Acidobacteriota","c__Acidobacteriae","o__Acidobacteriales","f__Koribacteraceae","g__TOLSYN","s__"
"390","20120700_S1D_63",-0.162324429651786,"Insignificant","d__Bacteria","p__Acidobacteriota","c__Acidobacteriae","o__Acidobacteriales","f__Koribacteraceae","g__TOLSYN","s__"
"391","3300022861_2",-0.17437186381894,"Insignificant","d__Bacteria","p__Acidobacteriota","c__Acidobacteriae","o__Acidobacteriales","f__Koribacteraceae","g__TOLSYN","s__"
"392","20120700_S1X_12",-0.576365382562102,"Insignificant","d__Bacteria","p__Acidobacteriota","c__Acidobacteriae","o__Acidobacteriales","f__Koribacteraceae","g__Bog-257","s__Bog-257 sp003160215"
"393","20120700_P1D_3",-0.56529926260184,"Insignificant","d__Bacteria","p__Acidobacteriota","c__Acidobacteriae","o__Acidobacteriales","f__Koribacteraceae","g__Bog-257","s__Bog-257 sp003152695"
"394","20120700_P3D_61",-0.531283419870175,"Insignificant","d__Bacteria","p__Acidobacteriota","c__Acidobacteriae","o__Acidobacteriales","f__Koribacteraceae","g__Bog-257","s__Bog-257 sp003151335"
"395","20120700_S1D_76",-11.6659917606366,"Sig. Low","d__Bacteria","p__Acidobacteriota","c__Acidobacteriae","o__Acidobacteriales","f__Koribacteraceae","g__Bog-257","s__Bog-257 sp003165795"
"396","20170700_S31_5",-0.67650252286592,"Insignificant","d__Bacteria","p__Acidobacteriota","c__Acidobacteriae","o__Acidobacteriales","f__Koribacteraceae","g__Bog-257","s__"
"397","20111000_S1D_12",-0.579274782924758,"Insignificant","d__Bacteria","p__Acidobacteriota","c__Acidobacteriae","o__Acidobacteriales","f__Koribacteraceae","g__Bog-257","s__Bog-257 sp003135315"
"398","20110800_S1M_20",0.782813080664962,"Insignificant","d__Bacteria","p__Acidobacteriota","c__Acidobacteriae","o__UBA7540","f__UBA7540","g__UBA7540","s__"
"399","20170700_S25_38",0.969990121330855,"Insignificant","d__Bacteria","p__Acidobacteriota","c__Acidobacteriae","o__UBA7540","f__UBA7540","g__UBA7540","s__"
"400","20120700_P3D_12",0.568874739822084,"Insignificant","d__Bacteria","p__Acidobacteriota","c__Acidobacteriae","o__UBA7540","f__UBA7540","g__","s__"
"401","20110800_E3D_19",0.451371303486603,"Insignificant","d__Bacteria","p__Acidobacteriota","c__Acidobacteriae","o__UBA7540","f__UBA7540","g__","s__"
"402","20120700_S1D_13",0.826298065841313,"Insignificant","d__Bacteria","p__Acidobacteriota","c__Acidobacteriae","o__UBA7540","f__UBA7540","g__Bog-366","s__Bog-366 sp003165615"
"403","20120700_P3D_142",0.577366425727669,"Insignificant","d__Bacteria","p__Acidobacteriota","c__Acidobacteriae","o__UBA7540","f__UBA7540","g__Bog-366","s__"
"404","20120700_S1D_48",1.30585066143941,"High","d__Bacteria","p__Acidobacteriota","c__Acidobacteriae","o__UBA7540","f__UBA7540","g__Bog-366","s__Bog-366 sp003165315"
"405","20110700_P2S_4",0.652920682873203,"Insignificant","d__Bacteria","p__Acidobacteriota","c__Acidobacteriae","o__UBA7541","f__UBA7541","g__Palsa-295","s__Palsa-295 sp003131985"
"406","20170700_P31_1",0.708036883993686,"Insignificant","d__Bacteria","p__Acidobacteriota","c__Acidobacteriae","o__UBA7541","f__UBA7541","g__Palsa-295","s__Palsa-295 sp003153585"
"407","20140700_S31_3",1.3463841120055,"High","d__Bacteria","p__Acidobacteriota","c__Acidobacteriae","o__UBA7541","f__UBA7541","g__Palsa-295","s__"
"408","20120700_P2M_5",0.825612950605691,"Insignificant","d__Bacteria","p__Acidobacteriota","c__Acidobacteriae","o__UBA7541","f__UBA7541","g__Palsa-147","s__Palsa-147 sp003152355"
"409","20110600_P3S_4",1.42212271709287,"High","d__Bacteria","p__Acidobacteriota","c__Acidobacteriae","o__UBA7541","f__UBA7541","g__UBA7541","s__UBA7541 sp003161195"
"410","20120700_S1D_25",2.83177070765205,"Sig. High","d__Bacteria","p__Acidobacteriota","c__Holophagae","o__Holophagales","f__Holophagaceae","g__Holophaga","s__Holophaga sp003165415"
"411","3300036876_12",3.56389731246259,"Sig. High","d__Bacteria","p__Dependentiae","c__Babeliae","o__Babeliales","f__Babeliaceae","g__BOG-1370","s__BOG-1370 sp003165355"
"412","3300037185_7",3.888863786319,"Sig. High","d__Bacteria","p__Spirochaetota","c__Spirochaetia","o__Treponematales","f__UBA8932","g__UBA1306","s__"
"413","3300038457_7",2.85425306664656,"Sig. High","d__Bacteria","p__Cyanobacteria","c__Vampirovibrionia","o__Obscuribacterales","f__Obscuribacteraceae","g__","s__"
