,June_P_1_S_12_so_R1,June_P_1_D_12_so_R2,June_P_1_D_12_so_R1,June_P_2_S_12_so_R1,June_P_2_M_12_so_R1,June_P_2_M_12_so_R2,June_P_2_D_12_so_R2,June_P_2_D_12_so_R1,June_P_3_D_12_so_R1,June_S_1_S_12_so_R1,June_S_1_M_12_so_R1,June_S_1_D_12_so_R1,June_S_2_S_12_so_R2,June_S_2_S_12_so_R1,June_S_2_M_12_so_R1,June_S_2_D_12_so_R1,June_S_3_S_12_so_R1,June_S_3_M_12_so_R1,June_S_3_D_12_so_R1,June_E_1_S_12_so_R1,June_E_1_D_12_so_R1,June_E_2_S_12_so_R2,June_E_2_S_12_so_R1,June_E_2_M_12_so_R2,June_E_2_M_12_so_R1,June_E_2_D_12_so_R1,June_E_3_S_12_so_R1,June_E_3_M_12_so_R1,June_E_3_D_12_so_R2,June_E_3_D_12_so_R1,July_P_1_S_12_so_R1,July_P_1_M_12_so_R1,July_P_1_D_12_so_R1,July_P_2_S_12_so_R2,July_P_2_S_12_so_R1,July_P_2_M_12_so_R1,July_P_2_D_12_so_R1,July_P_3_S_12_so_R1,July_P_3_M_12_so_R2,July_P_3_M_12_so_R1,July_S_1_S_12_so_R1,July_S_1_M_12_so_R1,July_S_1_D_12_so_R1,July_S_2_S_12_so_R1,July_S_2_M_12_so_R2,July_S_2_M_12_so_R1,July_S_2_D_12_so_R1,July_S_3_S_12_so_R1,July_S_3_M_12_so_R1,July_E_1_S_12_so_R1,July_E_1_M_12_so_R2,July_E_1_D_12_so_R2,July_E_1_D_12_so_R1,July_E_2_S_12_so_R1,July_E_2_D_12_so_R1,July_E_3_S_12_so_R1,July_E_3_M_12_so_R1,July_E_3_D_12_so_R1,Aug_P_1_S_12_so_R1,Aug_P_1_M_12_so_R1,Aug_P_1_D_12_so_R1,Aug_P_2_S_12_so_R1,Aug_P_2_M_12_so_R1,Aug_P_2_D_12_so_R2,Aug_P_2_D_12_so_R1,Aug_P_3_S_12_so_R1,Aug_P_3_M_12_so_R2,Aug_P_3_M_12_so_R1,Aug_S_1_S_12_so_R2,Aug_S_1_S_12_so_R1,Aug_S_1_M_12_so_R1,Aug_S_1_D_12_so_R1,Aug_S_2_M_12_so_R1,Aug_S_2_D_12_so_R2,Aug_S_2_D_12_so_R1,Aug_S_3_S_12_so_R1,Aug_E_1_S_12_so_R1,Aug_E_1_M_12_so_R1,Aug_E_1_D_12_so_R1,Aug_E_2_S_12_so_R1,Aug_E_2_M_12_so_R1,Aug_E_2_D_12_so_R1,Aug_E_3_S_12_so_R1,Aug_E_3_M_12_so_R2,Aug_E_3_M_12_so_R1
June_P_1_S_12_so_R1,0,0.41,-1,-1,-1,-1,0.15,-0.18,-0.96,1,1,1,1,1,0.98,1,1,-1,0.66,1,0.98,1,1,0.99,1,-0.97,-0.92,-1,0.72,0.93,-1,-1,-1,-1,-0.99,-1,1,-1,0.92,1,-0.63,0.67,1,1,1,0.99,0.98,-1,1,-1,0.82,-1,-0.98,-0.96,-1,-0.28,-0.99,0.97,-1,-1,-0.34,-1,-1,1,-0.14,-1,-1,-0.99,-0.79,-1,1,-1,-1,-1,-1,-1,1,1,1,1,0.93,-0.63,1,0.99,1
June_P_1_D_12_so_R2,0.41,0,-1,-1,-1,-1,-1,-1,-1,1,1,-1,-0.99,-1,-1,-1,-1,0.76,-1,-1,-0.99,-1,-1,-1,-1,-1,-1,-1,-1,-1,-1,-1,-1,-1,-1,-1,-1,-1,-1,-1,-1,-1,-1,-0.91,-1,-1,-1,-1,-1,-1,0.26,-1,-1,-1,-1,-1,-1,-1,-1,-1,-1,-1,-1,-1,-1,-1,-1,-1,1,0.88,-0.99,-1,-1,-1,-1,0.99,-0.27,-0.93,-1,-1,-1,-1,-1,-1,-1
June_P_1_D_12_so_R1,-1,-1,0,-1,-1,-1,-1,-1,-1,-0.82,-1,-1,-1,-1,-1,-1,-1,-0.94,-1,-1,-1,-1,-1,-1,-1,-1,-1,-1,-1,-1,-1,-1,-1,-1,-1,-1,-1,-1,-1,-1,-1,-1,-1,-1,-1,-1,-1,-1,-1,-1,-0.98,-1,-1,-1,-1,-1,-1,-1,-1,-1,-1,-1,-1,-1,-1,-1,-1,-1,0.56,-0.98,-1,-1,-1,-1,-1,-0.95,-1,-1,-1,-1,-1,-1,-1,-1,-1
June_P_2_S_12_so_R1,-1,-1,-1,0,-1,-1,-1,-1,-1,1,1,-1,0.94,-1,-0.88,-0.99,-1,1,-1,-0.42,-0.78,-1,-1,-1,-1,-1,-1,-1,0.24,-0.26,-1,-1,-1,-1,-1,-1,-1,-1,-1,-1,-1,-1,-0.61,0.96,-1,-1,-1,-1,-1,-1,1,-1,-1,-1,-1,-1,-1,0.75,-1,-1,-1,-1,-1,0.23,-1,-1,-1,-1,-0.45,-1,1,-1,-1,-1,-1,-1,1,0.96,0.97,-0.78,-1,-0.18,-1,-1,-1
June_P_2_M_12_so_R1,-1,-1,-1,-1,0,-1,-1,-1,-1,1,1,-1,-1,-1,-1,-1,-1,0.98,-1,-0.99,-0.92,-1,-1,-1,-1,-1,-1,-1,-0.97,-1,-1,-1,-1,-1,-1,-1,-1,-1,-1,-1,-1,-1,-1,-0.42,-1,-1,-1,-1,-1,-1,1,-1,-1,-1,-1,-1,-1,-1,-1,-1,-1,-1,-1,-1,-1,-1,-1,-1,1,-0.76,0.93,-1,-1,-1,-1,-0.76,1,0.99,-1,-0.99,-1,-1,-1,-1,-1
June_P_2_M_12_so_R2,-1,-1,-1,-1,-1,0,-1,-1,-1,0.11,-1,-1,-1,-1,-1,-1,-1,1,-1,-1,-1,-1,-1,-1,-1,-1,-1,-1,-1,-1,-1,-1,-1,-1,-1,-1,-1,-1,-1,-1,-1,-1,-1,-1,-1,-1,-1,-1,-1,-1,-1,-1,-1,-1,-1,-1,-1,-1,-1,-1,-1,-1,-1,-1,-1,-1,-1,-1,-1,-1,-1,-1,-1,-1,-1,-1,-1,-1,-1,-1,-1,-1,-1,-1,-1
June_P_2_D_12_so_R2,0.15,-1,-1,-1,-1,-1,0,-1,-1,1,-0.25,-1,-1,-1,-1,-1,-1,1,-1,-1,-1,-1,-1,-1,-1,-1,-1,-1,-1,-1,-1,-1,-1,-1,-1,-1,-1,-1,-1,-1,-1,-1,-1,0.95,-1,-1,-1,-1,-1,-1,-0.81,-1,-1,-1,-1,-1,-1,-1,-1,-1,-1,-1,-1,-1,-1,-1,-1,-1,-0.36,-1,-1,-1,-1,-1,-1,-1,-0.98,-1,-1,-1,-1,-1,-1,-1,-1
June_P_2_D_12_so_R1,-0.18,-1,-1,-1,-1,-1,-1,0,-1,0.51,-1,-1,-1,-1,-1,-1,-1,0.92,-1,-1,-1,-1,-1,-1,-1,-1,-1,-1,-1,-1,-1,-1,-1,-1,-1,-1,-1,-1,-1,-1,-1,-1,-1,-0.7,-1,-1,-1,-1,-1,-1,-1,-1,-1,-1,-1,-1,-1,-1,-1,-1,-1,-1,-1,-1,-1,-1,-1,-1,-0.72,-1,-1,-1,-1,-1,-1,-1,-1,-1,-1,-1,-1,-1,-1,-1,-1
June_P_3_D_12_so_R1,-0.96,-1,-1,-1,-1,-1,-1,-1,0,-0.96,-1,-1,-1,-1,-1,-1,-1,-0.91,-1,-1,-1,-1,-1,-1,-1,-1,-1,-1,-1,-1,-1,-1,-1,-1,-1,-1,-1,-1,-1,-1,-1,-1,-1,-1,-1,-1,-1,-1,-1,-1,-1,-1,-1,-1,-1,-1,-1,-1,-1,-1,-1,-1,-1,-1,-1,-1,-1,-1,-0.76,-1,-1,-1,-1,-1,-1,-0.75,-1,-1,-1,-1,-1,-1,-1,-1,-1
June_S_1_S_12_so_R1,1,1,-0.82,1,1,0.11,1,0.51,-0.96,0,-1,-1,-1,-1,-1,-1,-1,1,-0.47,-1,-1,-1,-1,-1,-1,-1,-1,-1,-1,-1,1,-1,-1,-1,0.53,-1,-1,1,-1,-1,-1,-1,-1,-1,-1,-1,-1,-1,-1,-1,-1,-0.99,-1,-1,-1,-1,-1,-1,1,1,0.33,-0.11,1,-1,-1,1,-1,-1,1,1,-1,-1,-1,-0.9,-1,1,-1,-1,-1,-0.99,-0.95,-1,-0.76,-1,-1
June_S_1_M_12_so_R1,1,1,-1,1,1,-1,-0.25,-1,-1,-1,0,-1,-1,-1,-1,-1,-1,1,-1,-1,-1,-1,-1,-1,-1,-1,-1,-1,-1,-1,1,-1,-1,-1,-0.99,-1,-1,1,-1,-1,-1,-1,-1,-1,-1,-1,-1,-1,-1,-1,-1,-1,-1,-1,-1,-1,-1,-1,1,0.84,-0.33,-1,1,-1,-1,0.95,-1,-1,1,1,-1,-1,-1,-0.98,-1,1,-1,-1,-1,-1,-1,-1,-1,-1,-1
June_S_1_D_12_so_R1,1,-1,-1,-1,-1,-1,-1,-1,-1,-1,-1,0,-1,-1,-1,-1,-1,1,-1,-1,-1,-1,-1,-1,-1,-1,-1,-1,-1,-1,-1,-1,-1,-1,-1,-1,-1,-1,-1,-1,-1,-1,-1,-1,-1,-1,-1,-1,-1,-1,-1,-1,-1,-1,-1,-1,-1,-1,1,-1,-1,-1,-1,-1,-1,-1,-1,-1,1,0.87,-1,-1,-1,-1,-1,0.99,-1,-1,-1,-1,-1,-1,-1,-1,-1
June_S_2_S_12_so_R2,1,-0.99,-1,0.94,-1,-1,-1,-1,-1,-1,-1,-1,0,-1,-1,-1,-1,1,-1,-1,-1,-1,-1,-1,-1,-1,-1,-1,-1,-1,-0.21,-1,-1,-1,-1,-1,-1,-0.47,-1,-1,-1,-1,-1,-1,-1,-1,-1,-1,-1,-1,-1,-1,-1,-1,-1,-1,-1,-1,1,-1,-1,-1,-1,-1,-1,-0.98,-1,-1,1,1,-1,-1,-1,-1,-1,1,-1,-1,-1,-1,-1,-1,-1,-1,-1
June_S_2_S_12_so_R1,1,-1,-1,-1,-1,-1,-1,-1,-1,-1,-1,-1,-1,0,-1,-1,-1,1,-1,-1,-1,-1,-1,-1,-1,-1,-1,-1,-1,-1,-0.97,-1,-1,-1,-1,-1,-1,-1,-1,-1,-1,-1,-1,-1,-1,-1,-1,-1,-1,-1,-1,-1,-1,-1,-1,-1,-1,-1,1,-1,-1,-1,-1,-1,-1,-1,-1,-1,-0.4,-1,-1,-1,-1,-1,-1,0.52,-1,-1,-1,-1,-1,-1,-1,-1,-1
June_S_2_M_12_so_R1,0.98,-1,-1,-0.88,-1,-1,-1,-1,-1,-1,-1,-1,-1,-1,0,-1,-1,-1,-1,-1,-1,-1,-1,-1,-1,-1,-1,-1,-1,-1,-1,-1,-1,-1,-1,-1,-1,-1,-1,-1,-1,-1,-1,-1,-1,-1,-1,-1,-1,-1,-1,-1,-1,-1,-1,-1,-1,-1,0.92,-1,-1,-1,-1,-1,-1,-1,-1,-1,-1,-1,-1,-1,-1,-1,-1,-0.8,-1,-1,-1,-1,-1,-1,-1,-1,-1
June_S_2_D_12_so_R1,1,-1,-1,-0.99,-1,-1,-1,-1,-1,-1,-1,-1,-1,-1,-1,0,-1,1,-1,-1,-1,-1,-1,-1,-1,-1,-1,-1,-1,-1,-1,-1,-1,-1,-1,-1,-1,-1,-1,-1,-1,-1,-1,-1,-1,-1,-1,-1,-1,-1,-1,-1,-1,-1,-1,-1,-1,-1,1,-1,-1,-1,-1,-1,-1,-1,-1,-1,0.27,-0.99,-1,-1,-1,-1,-1,0.98,-1,-1,-1,-1,-1,-1,-1,-1,-1
June_S_3_S_12_so_R1,1,-1,-1,-1,-1,-1,-1,-1,-1,-1,-1,-1,-1,-1,-1,-1,0,1,-1,-1,-1,-1,-1,-1,-1,-1,-1,-1,-1,-1,-1,-1,-1,-1,-1,-1,-1,-1,-1,-1,-1,-1,-1,-1,-1,-1,-1,-1,-1,-1,-1,-1,-1,-1,-1,-1,-1,-1,0.73,-1,-1,-1,-1,-1,-1,-1,-1,-1,-1,-1,-1,-1,-1,-1,-1,-0.96,-1,-1,-1,-1,-1,-1,-1,-1,-1
June_S_3_M_12_so_R1,-1,0.76,-0.94,1,0.98,1,1,0.92,-0.91,1,1,1,1,1,-1,1,1,0,0.99,0.81,-0.87,-1,-0.91,0.77,1,-1,-1,-1,-1,-1,1,-1,-1,1,1,-1,-1,1,0.99,1,-0.13,-0.3,1,1,1,0.97,-0.95,0.4,0.86,-1,-1,-1,-1,-1,-1,-0.95,-1,-1,1,-1,-1,-1,-1,-1,-1,0.96,-1,-1,1,1,1,-1,-1,-1,-1,1,-0.66,0.98,0.79,-0.85,0.85,-1,1,0.02,0.75
June_S_3_D_12_so_R1,0.66,-1,-1,-1,-1,-1,-1,-1,-1,-0.47,-1,-1,-1,-1,-1,-1,-1,0.99,0,-1,-1,-1,-1,-1,-1,-1,-1,-1,-1,-1,-1,-1,-1,-1,-1,-1,-1,-1,-1,-1,-1,-1,-1,-1,-1,-1,-1,-1,-1,-1,-1,-1,-1,-1,-1,-1,-1,-1,-1,-1,-1,-1,-1,-1,-1,-1,-1,-1,-1,-1,-1,-1,-1,-1,-1,-1,-1,-1,-1,-1,-1,-1,-1,-1,-1
June_E_1_S_12_so_R1,1,-1,-1,-0.42,-0.99,-1,-1,-1,-1,-1,-1,-1,-1,-1,-1,-1,-1,0.81,-1,0,-1,-1,-1,-1,-1,-1,-1,-1,-1,-1,-0.86,-1,-1,-1,-1,-1,-1,-0.98,-1,-1,-1,-1,-1,-1,-1,-1,-1,-1,-1,-1,-1,-1,-1,-1,-1,-1,-1,-1,1,-1,-1,-1,-1,-1,-1,-1,-1,-1,-0.7,-1,-1,-1,-1,-1,-1,0.95,-1,-1,-1,-1,-1,-1,-1,-1,-1
June_E_1_D_12_so_R1,0.98,-0.99,-1,-0.78,-0.92,-1,-1,-1,-1,-1,-1,-1,-1,-1,-1,-1,-1,-0.87,-1,-1,0,-1,-1,-1,-1,-1,-1,-1,-1,-1,-0.7,-1,-1,-1,-1,-1,-1,-1,-1,-1,-1,-1,-1,-1,-1,-1,-1,-1,-1,-1,-1,-1,-1,-1,-1,-1,-1,-1,0.75,-1,-1,-1,-1,-1,-1,-1,-1,-1,-1,-1,-1,-1,-1,-1,-1,-1,-1,-1,-1,-1,-1,-1,-1,-1,-1
June_E_2_S_12_so_R2,1,-1,-1,-1,-1,-1,-1,-1,-1,-1,-1,-1,-1,-1,-1,-1,-1,-1,-1,-1,-1,0,-1,-1,-1,-1,-1,-1,-1,-1,-1,-1,-1,-1,-1,-1,-1,-1,-1,-1,-1,-1,-1,-1,-1,-1,-1,-1,-1,-1,-1,-1,-1,-1,-1,-1,-1,-1,0.94,-1,-1,-1,-1,-1,-1,-1,-1,-1,-1,-1,-1,-1,-1,-1,-1,-1,-1,-1,-1,-1,-1,-1,-1,-1,-1
June_E_2_S_12_so_R1,1,-1,-1,-1,-1,-1,-1,-1,-1,-1,-1,-1,-1,-1,-1,-1,-1,-0.91,-1,-1,-1,-1,0,-1,-1,-1,-1,-1,-1,-1,-1,-1,-1,-1,-1,-1,-1,-1,-1,-1,-1,-1,-1,-1,-1,-1,-1,-1,-1,-1,-1,-1,-1,-1,-1,-1,-1,-1,1,-1,-1,-1,-1,-1,-1,-1,-1,-1,-0.84,-1,-1,-1,-1,-1,-1,-0.96,-1,-1,-1,-1,-1,-1,-1,-1,-1
June_E_2_M_12_so_R2,0.99,-1,-1,-1,-1,-1,-1,-1,-1,-1,-1,-1,-1,-1,-1,-1,-1,0.77,-1,-1,-1,-1,-1,0,-1,-1,-1,-1,-1,-1,-1,-1,-1,-1,-1,-1,-1,-1,-1,-1,-1,-1,-1,-1,-1,-1,-1,-1,-1,-1,-1,-1,-1,-1,-1,-1,-1,-1,-1,-1,-1,-1,-1,-1,-1,-1,-1,-1,-1,-1,-1,-1,-1,-1,-1,-1,-1,-1,-1,-1,-1,-1,-1,-1,-1
June_E_2_M_12_so_R1,1,-1,-1,-1,-1,-1,-1,-1,-1,-1,-1,-1,-1,-1,-1,-1,-1,1,-1,-1,-1,-1,-1,-1,0,-1,-1,-1,-1,-1,-1,-1,-1,-1,-1,-1,-1,-1,-1,-1,-1,-1,-1,-1,-1,-1,-1,-1,-1,-1,-1,-1,-1,-1,-1,-1,-1,-1,-1,-1,-1,-1,-1,-1,-1,-1,-1,-1,-1,-1,-1,-1,-1,-1,-1,-1,-1,-1,-1,-1,-1,-1,-1,-1,-1
June_E_2_D_12_so_R1,-0.97,-1,-1,-1,-1,-1,-1,-1,-1,-1,-1,-1,-1,-1,-1,-1,-1,-1,-1,-1,-1,-1,-1,-1,-1,0,-1,-1,-1,-1,-1,-1,-1,-1,-1,-1,-1,-1,-1,-1,-1,-1,-1,-1,-1,-1,-1,-1,-1,-1,-1,-1,-1,-1,-1,-1,-1,-1,-0.99,-1,-1,-1,-1,-1,-1,-1,-1,-1,-1,-1,-1,-1,-1,-1,-1,-1,-1,-1,-1,-1,-1,-1,-1,-1,-1
June_E_3_S_12_so_R1,-0.92,-1,-1,-1,-1,-1,-1,-1,-1,-1,-1,-1,-1,-1,-1,-1,-1,-1,-1,-1,-1,-1,-1,-1,-1,-1,0,-1,-1,-1,-1,-1,-1,-1,-1,-1,-1,-1,-1,-1,-1,-1,-1,-1,-1,-1,-1,-1,-1,-1,-1,-1,-1,-1,-1,-1,-1,-1,-0.99,-1,-1,-1,-1,-1,-1,-1,-1,-1,-1,-1,-1,-1,-1,-1,-1,-1,-1,-1,-1,-1,-1,-1,-1,-1,-1
June_E_3_M_12_so_R1,-1,-1,-1,-1,-1,-1,-1,-1,-1,-1,-1,-1,-1,-1,-1,-1,-1,-1,-1,-1,-1,-1,-1,-1,-1,-1,-1,0,-1,-1,-1,-1,-1,-1,-1,-1,-1,-1,-1,-1,-1,-1,-1,-1,-1,-1,-1,-1,-1,-1,-1,-1,-1,-1,-1,-1,-1,-1,-1,-1,-1,-1,-1,-1,-1,-1,-1,-1,-1,-1,-1,-1,-1,-1,-1,-1,-1,-1,-1,-1,-1,-1,-1,-1,-1
June_E_3_D_12_so_R2,0.72,-1,-1,0.24,-0.97,-1,-1,-1,-1,-1,-1,-1,-1,-1,-1,-1,-1,-1,-1,-1,-1,-1,-1,-1,-1,-1,-1,-1,0,-1,0.61,-1,-1,-1,-1,-1,-1,-0.88,-1,-1,-1,-1,-1,-1,-1,-1,-1,-1,-1,-1,-1,-1,-1,-1,-1,-1,-1,-1,1,-1,-1,-1,-1,-1,-1,-1,-1,-1,-1,-1,-1,-1,-1,-1,-1,-1,-1,-1,-1,-1,-1,-1,-1,-1,-1
June_E_3_D_12_so_R1,0.93,-1,-1,-0.26,-1,-1,-1,-1,-1,-1,-1,-1,-1,-1,-1,-1,-1,-1,-1,-1,-1,-1,-1,-1,-1,-1,-1,-1,-1,0,0.14,-1,-1,-1,-1,-1,-1,-0.99,-1,-1,-1,-1,-1,-1,-1,-1,-1,-1,-1,-1,-1,-1,-1,-1,-1,-1,-1,-1,1,-1,-1,-1,-1,-1,-1,-1,-1,-1,-1,-1,-1,-1,-1,-1,-1,-1,-1,-1,-1,-1,-1,-1,-1,-1,-1
July_P_1_S_12_so_R1,-1,-1,-1,-1,-1,-1,-1,-1,-1,1,1,-1,-0.21,-0.97,-1,-1,-1,1,-1,-0.86,-0.7,-1,-1,-1,-1,-1,-1,-1,0.61,0.14,0,-1,-1,-1,-1,-1,-1,-1,-1,-1,-1,-1,-0.98,-0.21,-1,-1,-1,-1,-1,-1,1,-1,-1,-1,-1,-1,-1,-0.93,-1,-1,-1,-1,-1,-1,-1,-1,-1,-1,0.64,-0.97,1,-1,-1,-1,-1,-0.46,1,0.91,-0.88,-0.98,-1,-0.99,-1,-1,-1
July_P_1_M_12_so_R1,-1,-1,-1,-1,-1,-1,-1,-1,-1,-1,-1,-1,-1,-1,-1,-1,-1,-1,-1,-1,-1,-1,-1,-1,-1,-1,-1,-1,-1,-1,-1,0,-1,-1,-1,-1,-1,-1,-1,-1,-1,-1,-1,-1,-1,-1,-1,-1,-1,-1,-1,-1,-1,-1,-1,-1,-1,-1,-1,-1,-1,-1,-1,-1,-1,-1,-1,-1,-1,-1,-1,-1,-1,-1,-1,-1,-1,-1,-1,-1,-1,-1,-1,-1,-1
July_P_1_D_12_so_R1,-1,-1,-1,-1,-1,-1,-1,-1,-1,-1,-1,-1,-1,-1,-1,-1,-1,-1,-1,-1,-1,-1,-1,-1,-1,-1,-1,-1,-1,-1,-1,-1,0,-1,-1,-1,-1,-1,-1,-1,-1,-1,-1,-1,-1,-1,-1,-1,-1,-1,-1,-1,-1,-1,-1,-1,-1,-1,-1,-1,-1,-1,-1,-1,-1,-1,-1,-1,-1,-1,-1,-1,-1,-1,-1,-1,-1,-1,-1,-1,-1,-1,-1,-1,-1
July_P_2_S_12_so_R2,-1,-1,-1,-1,-1,-1,-1,-1,-1,-1,-1,-1,-1,-1,-1,-1,-1,1,-1,-1,-1,-1,-1,-1,-1,-1,-1,-1,-1,-1,-1,-1,-1,0,-1,-1,-1,-1,-1,-1,-1,-1,-1,-1,-1,-1,-1,-1,-1,-1,-1,-1,-1,-1,-1,-1,-1,-1,-1,-1,-1,-1,-1,-1,-1,-1,-1,-1,-1,-1,-1,-1,-1,-1,-1,-1,-1,-1,-1,-1,-1,-1,-1,-1,-1
July_P_2_S_12_so_R1,-0.99,-1,-1,-1,-1,-1,-1,-1,-1,0.53,-0.99,-1,-1,-1,-1,-1,-1,1,-1,-1,-1,-1,-1,-1,-1,-1,-1,-1,-1,-1,-1,-1,-1,-1,0,-1,-1,-1,-1,-1,-1,-1,-1,-1,-1,-1,-1,-1,-1,-1,0.99,-1,-1,-1,-1,-1,-1,-1,-1,-1,-1,-1,-1,-1,-1,-1,-1,-1,0.73,-0.89,0.41,-1,-1,-1,-1,-0.98,0.98,-0.78,-1,-0.96,-1,-1,-1,-1,-1
July_P_2_M_12_so_R1,-1,-1,-1,-1,-1,-1,-1,-1,-1,-1,-1,-1,-1,-1,-1,-1,-1,-1,-1,-1,-1,-1,-1,-1,-1,-1,-1,-1,-1,-1,-1,-1,-1,-1,-1,0,-1,-1,-1,-1,-1,-1,-1,-1,-1,-1,-1,-1,-1,-1,-1,-1,-1,-1,-1,-1,-1,-1,-1,-1,-1,-1,-1,-1,-1,-1,-1,-1,-1,-1,-1,-1,-1,-1,-1,-1,-1,-1,-1,-1,-1,-1,-1,-1,-1
July_P_2_D_12_so_R1,1,-1,-1,-1,-1,-1,-1,-1,-1,-1,-1,-1,-1,-1,-1,-1,-1,-1,-1,-1,-1,-1,-1,-1,-1,-1,-1,-1,-1,-1,-1,-1,-1,-1,-1,-1,0,-1,-1,-1,-1,-1,-1,-1,-1,-1,-1,-1,-1,-1,-1,-1,-1,-1,-1,-1,-1,-1,0.38,-1,-1,-1,-1,-1,-1,-1,-1,-1,-0.77,-1,-1,-1,-1,-1,-1,-0.97,-1,-1,-1,-1,-1,-1,-1,-1,-1
July_P_3_S_12_so_R1,-1,-1,-1,-1,-1,-1,-1,-1,-1,1,1,-1,-0.47,-1,-1,-1,-1,1,-1,-0.98,-1,-1,-1,-1,-1,-1,-1,-1,-0.88,-0.99,-1,-1,-1,-1,-1,-1,-1,0,-1,-1,-1,-1,-1,-0.32,-1,-1,-1,-1,-1,-1,1,-1,-1,-1,-1,-1,-1,-1,-1,-1,-1,-1,-1,-1,-1,-1,-1,-1,-0.64,-1,0.73,-1,-1,-1,-1,-1,0.99,0.24,-0.9,-1,-1,-1,-1,-1,-1
July_P_3_M_12_so_R2,0.92,-1,-1,-1,-1,-1,-1,-1,-1,-1,-1,-1,-1,-1,-1,-1,-1,0.99,-1,-1,-1,-1,-1,-1,-1,-1,-1,-1,-1,-1,-1,-1,-1,-1,-1,-1,-1,-1,0,-1,-1,-1,-1,-1,-1,-1,-1,-1,-1,-1,-1,-1,-1,-1,-1,-1,-1,-1,-0.88,-1,-1,-1,-1,-1,-1,-1,-1,-1,-0.59,-1,-1,-1,-1,-1,-1,-1,-1,-1,-1,-1,-1,-1,-1,-1,-1
July_P_3_M_12_so_R1,1,-1,-1,-1,-1,-1,-1,-1,-1,-1,-1,-1,-1,-1,-1,-1,-1,1,-1,-1,-1,-1,-1,-1,-1,-1,-1,-1,-1,-1,-1,-1,-1,-1,-1,-1,-1,-1,-1,0,-1,-1,-1,-1,-1,-1,-1,-1,-1,-1,0.94,-1,-1,-1,-1,-1,-1,-1,1,-1,-1,-1,-1,-1,-1,-1,-1,-1,1,0.99,-1,-1,-1,-1,-1,0.17,0.27,-0.99,-1,-0.99,-1,-1,-1,-1,-1
July_S_1_S_12_so_R1,-0.63,-1,-1,-1,-1,-1,-1,-1,-1,-1,-1,-1,-1,-1,-1,-1,-1,-0.13,-1,-1,-1,-1,-1,-1,-1,-1,-1,-1,-1,-1,-1,-1,-1,-1,-1,-1,-1,-1,-1,-1,0,-1,-1,-1,-1,-1,-1,-1,-1,-1,-1,-1,-1,-1,-1,-1,-1,-1,0.55,-1,-1,-1,-1,-1,-1,-1,-1,-1,-1,-1,-1,-1,-1,-1,-1,-0.9,-1,-1,-1,-1,-1,-1,-1,-1,-1
July_S_1_M_12_so_R1,0.67,-1,-1,-1,-1,-1,-1,-1,-1,-1,-1,-1,-1,-1,-1,-1,-1,-0.3,-1,-1,-1,-1,-1,-1,-1,-1,-1,-1,-1,-1,-1,-1,-1,-1,-1,-1,-1,-1,-1,-1,-1,0,-1,-1,-1,-1,-1,-1,-1,-1,-1,-1,-1,-1,-1,-1,-1,-1,-0.1,-1,-1,-1,-1,-1,-1,-1,-1,-1,-1,-1,-1,-1,-1,-1,-1,-1,-1,-1,-1,-1,-1,-1,-1,-1,-1
July_S_1_D_12_so_R1,1,-1,-1,-0.61,-1,-1,-1,-1,-1,-1,-1,-1,-1,-1,-1,-1,-1,1,-1,-1,-1,-1,-1,-1,-1,-1,-1,-1,-1,-1,-0.98,-1,-1,-1,-1,-1,-1,-1,-1,-1,-1,-1,0,-1,-1,-1,-1,-1,-1,-1,-1,-1,-1,-1,-1,-1,-1,-1,1,-1,-1,-1,-1,-1,-1,-1,-1,-1,-0.75,-1,-1,-1,-1,-1,-1,0.6,-1,-1,-1,-1,-1,-1,-1,-1,-1
July_S_2_S_12_so_R1,1,-0.91,-1,0.96,-0.42,-1,0.95,-0.7,-1,-1,-1,-1,-1,-1,-1,-1,-1,1,-1,-1,-1,-1,-1,-1,-1,-1,-1,-1,-1,-1,-0.21,-1,-1,-1,-1,-1,-1,-0.32,-1,-1,-1,-1,-1,0,-1,-1,-1,-1,-1,-1,-1,-1,-1,-1,-1,-1,-1,-1,1,-1,-1,-1,-1,-1,-1,-1,-1,-1,-0.45,-1,-1,-1,-1,-1,-1,1,-1,-1,-1,-1,-0.98,-1,-0.97,-1,-1
July_S_2_M_12_so_R2,1,-1,-1,-1,-1,-1,-1,-1,-1,-1,-1,-1,-1,-1,-1,-1,-1,1,-1,-1,-1,-1,-1,-1,-1,-1,-1,-1,-1,-1,-1,-1,-1,-1,-1,-1,-1,-1,-1,-1,-1,-1,-1,-1,0,-1,-1,-1,-1,-1,-1,-1,-1,-1,-1,-1,-1,-1,0.75,-1,-1,-1,-1,-1,-1,-1,-1,-1,-1,-1,-1,-1,-1,-1,-1,-1,-1,-1,-1,-1,-1,-1,-1,-1,-1
July_S_2_M_12_so_R1,0.99,-1,-1,-1,-1,-1,-1,-1,-1,-1,-1,-1,-1,-1,-1,-1,-1,0.97,-1,-1,-1,-1,-1,-1,-1,-1,-1,-1,-1,-1,-1,-1,-1,-1,-1,-1,-1,-1,-1,-1,-1,-1,-1,-1,-1,0,-1,-1,-1,-1,-1,-1,-1,-1,-1,-1,-1,-1,-0.96,-1,-1,-1,-1,-1,-1,-1,-1,-1,-1,-1,-1,-1,-1,-1,-1,-1,-1,-1,-1,-1,-1,-1,-1,-1,-1
July_S_2_D_12_so_R1,0.98,-1,-1,-1,-1,-1,-1,-1,-1,-1,-1,-1,-1,-1,-1,-1,-1,-0.95,-1,-1,-1,-1,-1,-1,-1,-1,-1,-1,-1,-1,-1,-1,-1,-1,-1,-1,-1,-1,-1,-1,-1,-1,-1,-1,-1,-1,0,-1,-1,-1,-1,-1,-1,-1,-1,-1,-1,-1,-1,-1,-1,-1,-1,-1,-1,-1,-1,-1,-1,-1,-1,-1,-1,-1,-1,-1,-1,-1,-1,-1,-1,-1,-1,-1,-1
July_S_3_S_12_so_R1,-1,-1,-1,-1,-1,-1,-1,-1,-1,-1,-1,-1,-1,-1,-1,-1,-1,0.4,-1,-1,-1,-1,-1,-1,-1,-1,-1,-1,-1,-1,-1,-1,-1,-1,-1,-1,-1,-1,-1,-1,-1,-1,-1,-1,-1,-1,-1,0,-1,-1,-1,-1,-1,-1,-1,-1,-1,-1,-1,-1,-1,-1,-1,-1,-1,-1,-1,-1,-1,-1,-1,-1,-1,-1,-1,-1,-1,-1,-1,-1,-1,-1,-1,-1,-1
July_S_3_M_12_so_R1,1,-1,-1,-1,-1,-1,-1,-1,-1,-1,-1,-1,-1,-1,-1,-1,-1,0.86,-1,-1,-1,-1,-1,-1,-1,-1,-1,-1,-1,-1,-1,-1,-1,-1,-1,-1,-1,-1,-1,-1,-1,-1,-1,-1,-1,-1,-1,-1,0,-1,-1,-1,-1,-1,-1,-1,-1,-1,1,-1,-1,-1,-1,-1,-1,-1,-1,-1,-1,-1,-1,-1,-1,-1,-1,-0.97,-1,-1,-1,-1,-1,-1,-1,-1,-1
July_E_1_S_12_so_R1,-1,-1,-1,-1,-1,-1,-1,-1,-1,-1,-1,-1,-1,-1,-1,-1,-1,-1,-1,-1,-1,-1,-1,-1,-1,-1,-1,-1,-1,-1,-1,-1,-1,-1,-1,-1,-1,-1,-1,-1,-1,-1,-1,-1,-1,-1,-1,-1,-1,0,-1,-1,-1,-1,-1,-1,-1,-1,-1,-1,-1,-1,-1,-1,-1,-1,-1,-1,-1,-1,-1,-1,-1,-1,-1,-1,-1,-1,-1,-1,-1,-1,-1,-1,-1
July_E_1_M_12_so_R2,0.82,0.26,-0.98,1,1,-1,-0.81,-1,-1,-1,-1,-1,-1,-1,-1,-1,-1,-1,-1,-1,-1,-1,-1,-1,-1,-1,-1,-1,-1,-1,1,-1,-1,-1,0.99,-1,-1,1,-1,0.94,-1,-1,-1,-1,-1,-1,-1,-1,-1,-1,0,-1,-1,-1,-1,-1,-1,-1,1,-1,-1,-1,-1,-1,-1,-0.98,-1,-1,-0.97,-1,-0.79,-1,-1,-1,-1,-1,-1,-1,-1,-1,-1,-1,-1,-1,-1
July_E_1_D_12_so_R2,-1,-1,-1,-1,-1,-1,-1,-1,-1,-0.99,-1,-1,-1,-1,-1,-1,-1,-1,-1,-1,-1,-1,-1,-1,-1,-1,-1,-1,-1,-1,-1,-1,-1,-1,-1,-1,-1,-1,-1,-1,-1,-1,-1,-1,-1,-1,-1,-1,-1,-1,-1,0,-1,-1,-1,-1,-1,-1,-1,-1,-1,-1,-1,-1,-1,-1,-1,-1,-1,-1,-1,-1,-1,-1,-1,-1,-1,-1,-1,-1,-1,-1,-1,-1,-1
July_E_1_D_12_so_R1,-0.98,-1,-1,-1,-1,-1,-1,-1,-1,-1,-1,-1,-1,-1,-1,-1,-1,-1,-1,-1,-1,-1,-1,-1,-1,-1,-1,-1,-1,-1,-1,-1,-1,-1,-1,-1,-1,-1,-1,-1,-1,-1,-1,-1,-1,-1,-1,-1,-1,-1,-1,-1,0,-1,-1,-1,-1,-1,-0.85,-1,-1,-1,-1,-1,-1,-1,-1,-1,-0.97,-1,-1,-1,-1,-1,-1,-0.97,-1,-1,-1,-1,-1,-1,-1,-1,-1
July_E_2_S_12_so_R1,-0.96,-1,-1,-1,-1,-1,-1,-1,-1,-1,-1,-1,-1,-1,-1,-1,-1,-1,-1,-1,-1,-1,-1,-1,-1,-1,-1,-1,-1,-1,-1,-1,-1,-1,-1,-1,-1,-1,-1,-1,-1,-1,-1,-1,-1,-1,-1,-1,-1,-1,-1,-1,-1,0,-1,-1,-1,-1,-1,-1,-1,-1,-1,-1,-1,-1,-1,-1,-1,-1,-1,-1,-1,-1,-1,-0.99,-1,-1,-1,-1,-1,-1,-1,-1,-1
July_E_2_D_12_so_R1,-1,-1,-1,-1,-1,-1,-1,-1,-1,-1,-1,-1,-1,-1,-1,-1,-1,-1,-1,-1,-1,-1,-1,-1,-1,-1,-1,-1,-1,-1,-1,-1,-1,-1,-1,-1,-1,-1,-1,-1,-1,-1,-1,-1,-1,-1,-1,-1,-1,-1,-1,-1,-1,-1,0,-1,-1,-1,-1,-1,-1,-1,-1,-1,-1,-1,-1,-1,-1,-1,-1,-1,-1,-1,-1,-1,-1,-1,-1,-1,-1,-1,-1,-1,-1
July_E_3_S_12_so_R1,-0.28,-1,-1,-1,-1,-1,-1,-1,-1,-1,-1,-1,-1,-1,-1,-1,-1,-0.95,-1,-1,-1,-1,-1,-1,-1,-1,-1,-1,-1,-1,-1,-1,-1,-1,-1,-1,-1,-1,-1,-1,-1,-1,-1,-1,-1,-1,-1,-1,-1,-1,-1,-1,-1,-1,-1,0,-1,-1,-1,-1,-1,-1,-1,-1,-1,-1,-1,-1,-1,-1,-1,-1,-1,-1,-1,-1,-1,-1,-1,-1,-1,-1,-1,-1,-1
July_E_3_M_12_so_R1,-0.99,-1,-1,-1,-1,-1,-1,-1,-1,-1,-1,-1,-1,-1,-1,-1,-1,-1,-1,-1,-1,-1,-1,-1,-1,-1,-1,-1,-1,-1,-1,-1,-1,-1,-1,-1,-1,-1,-1,-1,-1,-1,-1,-1,-1,-1,-1,-1,-1,-1,-1,-1,-1,-1,-1,-1,0,-1,-1,-1,-1,-1,-1,-1,-1,-1,-1,-1,-1,-1,-1,-1,-1,-1,-1,-1,-1,-1,-1,-1,-1,-1,-1,-1,-1
July_E_3_D_12_so_R1,0.97,-1,-1,0.75,-1,-1,-1,-1,-1,-1,-1,-1,-1,-1,-1,-1,-1,-1,-1,-1,-1,-1,-1,-1,-1,-1,-1,-1,-1,-1,-0.93,-1,-1,-1,-1,-1,-1,-1,-1,-1,-1,-1,-1,-1,-1,-1,-1,-1,-1,-1,-1,-1,-1,-1,-1,-1,-1,0,0.94,-1,-1,-1,-1,-1,-1,-1,-1,-1,-0.99,-1,-1,-1,-1,-1,-1,-0.36,-1,-1,-1,-1,-1,-1,-1,-1,-1
Aug_P_1_S_12_so_R1,-1,-1,-1,-1,-1,-1,-1,-1,-1,1,1,1,1,1,0.92,1,0.73,1,-1,1,0.75,0.94,1,-1,-1,-0.99,-0.99,-1,1,1,-1,-1,-1,-1,-1,-1,0.38,-1,-0.88,1,0.55,-0.1,1,1,0.75,-0.96,-1,-1,1,-1,1,-1,-0.85,-1,-1,-1,-1,0.94,0,-1,-1,-1,-1,0.94,-1,-1,-1,-1,-0.98,-1,1,-1,-1,-1,-1,-1,1,1,1,-0.84,-1,-0.57,0.68,-0.52,-0.41
Aug_P_1_M_12_so_R1,-1,-1,-1,-1,-1,-1,-1,-1,-1,1,0.84,-1,-1,-1,-1,-1,-1,-1,-1,-1,-1,-1,-1,-1,-1,-1,-1,-1,-1,-1,-1,-1,-1,-1,-1,-1,-1,-1,-1,-1,-1,-1,-1,-1,-1,-1,-1,-1,-1,-1,-1,-1,-1,-1,-1,-1,-1,-1,-1,0,-1,-1,-1,-1,-1,-1,-1,-1,-1,-1,-1,-1,-1,-1,-1,-1,-1,-1,-1,-1,-1,-1,-1,-1,-1
Aug_P_1_D_12_so_R1,-0.34,-1,-1,-1,-1,-1,-1,-1,-1,0.33,-0.33,-1,-1,-1,-1,-1,-1,-1,-1,-1,-1,-1,-1,-1,-1,-1,-1,-1,-1,-1,-1,-1,-1,-1,-1,-1,-1,-1,-1,-1,-1,-1,-1,-1,-1,-1,-1,-1,-1,-1,-1,-1,-1,-1,-1,-1,-1,-1,-1,-1,0,-1,-1,-1,-1,-1,-1,-1,-0.47,-1,-1,-1,-1,-1,-1,0.77,-1,-1,-1,-1,-1,-1,-1,-1,-1
Aug_P_2_S_12_so_R1,-1,-1,-1,-1,-1,-1,-1,-1,-1,-0.11,-1,-1,-1,-1,-1,-1,-1,-1,-1,-1,-1,-1,-1,-1,-1,-1,-1,-1,-1,-1,-1,-1,-1,-1,-1,-1,-1,-1,-1,-1,-1,-1,-1,-1,-1,-1,-1,-1,-1,-1,-1,-1,-1,-1,-1,-1,-1,-1,-1,-1,-1,0,-1,-1,-1,-1,-1,-1,-1,-1,-1,-1,-1,-1,-1,-1,-1,-1,-1,-1,-1,-1,-1,-1,-1
Aug_P_2_M_12_so_R1,-1,-1,-1,-1,-1,-1,-1,-1,-1,1,1,-1,-1,-1,-1,-1,-1,-1,-1,-1,-1,-1,-1,-1,-1,-1,-1,-1,-1,-1,-1,-1,-1,-1,-1,-1,-1,-1,-1,-1,-1,-1,-1,-1,-1,-1,-1,-1,-1,-1,-1,-1,-1,-1,-1,-1,-1,-1,-1,-1,-1,-1,0,-1,-1,-1,-1,-1,-1,-1,-1,-1,-1,-1,-1,-0.73,-1,-1,-1,-1,-1,-1,-1,-1,-1
Aug_P_2_D_12_so_R2,1,-1,-1,0.23,-1,-1,-1,-1,-1,-1,-1,-1,-1,-1,-1,-1,-1,-1,-1,-1,-1,-1,-1,-1,-1,-1,-1,-1,-1,-1,-1,-1,-1,-1,-1,-1,-1,-1,-1,-1,-1,-1,-1,-1,-1,-1,-1,-1,-1,-1,-1,-1,-1,-1,-1,-1,-1,-1,0.94,-1,-1,-1,-1,0,-1,-1,-1,-1,1,0.97,-1,-1,-1,-1,-1,1,-1,-1,-1,-1,-1,-1,-1,-1,-1
Aug_P_2_D_12_so_R1,-0.14,-1,-1,-1,-1,-1,-1,-1,-1,-1,-1,-1,-1,-1,-1,-1,-1,-1,-1,-1,-1,-1,-1,-1,-1,-1,-1,-1,-1,-1,-1,-1,-1,-1,-1,-1,-1,-1,-1,-1,-1,-1,-1,-1,-1,-1,-1,-1,-1,-1,-1,-1,-1,-1,-1,-1,-1,-1,-1,-1,-1,-1,-1,-1,0,-1,-1,-1,-0.93,-1,-1,-1,-1,-1,-1,-0.23,-1,-1,-1,-1,-1,-1,-1,-1,-1
Aug_P_3_S_12_so_R1,-1,-1,-1,-1,-1,-1,-1,-1,-1,1,0.95,-1,-0.98,-1,-1,-1,-1,0.96,-1,-1,-1,-1,-1,-1,-1,-1,-1,-1,-1,-1,-1,-1,-1,-1,-1,-1,-1,-1,-1,-1,-1,-1,-1,-1,-1,-1,-1,-1,-1,-1,-0.98,-1,-1,-1,-1,-1,-1,-1,-1,-1,-1,-1,-1,-1,-1,0,-1,-1,-1,-1,0.99,-1,-1,-1,-1,-1,-0.99,-1,0.84,-1,-1,-1,-1,-1,-1
Aug_P_3_M_12_so_R2,-1,-1,-1,-1,-1,-1,-1,-1,-1,-1,-1,-1,-1,-1,-1,-1,-1,-1,-1,-1,-1,-1,-1,-1,-1,-1,-1,-1,-1,-1,-1,-1,-1,-1,-1,-1,-1,-1,-1,-1,-1,-1,-1,-1,-1,-1,-1,-1,-1,-1,-1,-1,-1,-1,-1,-1,-1,-1,-1,-1,-1,-1,-1,-1,-1,-1,0,-1,-1,-1,-1,-1,-1,-1,-1,-1,-1,-1,-1,-1,-1,-1,-1,-1,-1
Aug_P_3_M_12_so_R1,-0.99,-1,-1,-1,-1,-1,-1,-1,-1,-1,-1,-1,-1,-1,-1,-1,-1,-1,-1,-1,-1,-1,-1,-1,-1,-1,-1,-1,-1,-1,-1,-1,-1,-1,-1,-1,-1,-1,-1,-1,-1,-1,-1,-1,-1,-1,-1,-1,-1,-1,-1,-1,-1,-1,-1,-1,-1,-1,-1,-1,-1,-1,-1,-1,-1,-1,-1,0,-0.89,-1,-1,-1,-1,-1,-1,-1,-1,-1,-1,-1,-1,-1,-1,-1,-1
Aug_S_1_S_12_so_R2,-0.79,1,0.56,-0.45,1,-1,-0.36,-0.72,-0.76,1,1,1,1,-0.4,-1,0.27,-1,1,-1,-0.7,-1,-1,-0.84,-1,-1,-1,-1,-1,-1,-1,0.64,-1,-1,-1,0.73,-1,-0.77,-0.64,-0.59,1,-1,-1,-0.75,-0.45,-1,-1,-1,-1,-1,-1,-0.97,-1,-0.97,-1,-1,-1,-1,-0.99,-0.98,-1,-0.47,-1,-1,1,-0.93,-1,-1,-0.89,0,-1,1,-1,-1,-1,-1,-1,-1,-1,1,-1,-1,-1,-1,-1,-1
Aug_S_1_S_12_so_R1,-1,0.88,-0.98,-1,-0.76,-1,-1,-1,-1,1,1,0.87,1,-1,-1,-0.99,-1,1,-1,-1,-1,-1,-1,-1,-1,-1,-1,-1,-1,-1,-0.97,-1,-1,-1,-0.89,-1,-1,-1,-1,0.99,-1,-1,-1,-1,-1,-1,-1,-1,-1,-1,-1,-1,-1,-1,-1,-1,-1,-1,-1,-1,-1,-1,-1,0.97,-1,-1,-1,-1,-1,0,1,-1,-1,-1,-1,-1,-1,-1,1,-1,-1,-1,-1,-1,-1
Aug_S_1_M_12_so_R1,1,-0.99,-1,1,0.93,-1,-1,-1,-1,-1,-1,-1,-1,-1,-1,-1,-1,1,-1,-1,-1,-1,-1,-1,-1,-1,-1,-1,-1,-1,1,-1,-1,-1,0.41,-1,-1,0.73,-1,-1,-1,-1,-1,-1,-1,-1,-1,-1,-1,-1,-0.79,-1,-1,-1,-1,-1,-1,-1,1,-1,-1,-1,-1,-1,-1,0.99,-1,-1,1,1,0,-1,-1,-0.89,-1,1,-1,-1,-1,-1,-1,-1,-1,-1,-1
Aug_S_1_D_12_so_R1,-1,-1,-1,-1,-1,-1,-1,-1,-1,-1,-1,-1,-1,-1,-1,-1,-1,-1,-1,-1,-1,-1,-1,-1,-1,-1,-1,-1,-1,-1,-1,-1,-1,-1,-1,-1,-1,-1,-1,-1,-1,-1,-1,-1,-1,-1,-1,-1,-1,-1,-1,-1,-1,-1,-1,-1,-1,-1,-1,-1,-1,-1,-1,-1,-1,-1,-1,-1,-1,-1,-1,0,-1,-1,-1,-1,-1,-1,-1,-1,-1,-1,-1,-1,-1
Aug_S_2_M_12_so_R1,-1,-1,-1,-1,-1,-1,-1,-1,-1,-1,-1,-1,-1,-1,-1,-1,-1,-1,-1,-1,-1,-1,-1,-1,-1,-1,-1,-1,-1,-1,-1,-1,-1,-1,-1,-1,-1,-1,-1,-1,-1,-1,-1,-1,-1,-1,-1,-1,-1,-1,-1,-1,-1,-1,-1,-1,-1,-1,-1,-1,-1,-1,-1,-1,-1,-1,-1,-1,-1,-1,-1,-1,0,-1,-1,-1,-1,-1,-1,-1,-1,-1,-1,-1,-1
Aug_S_2_D_12_so_R2,-1,-1,-1,-1,-1,-1,-1,-1,-1,-0.9,-0.98,-1,-1,-1,-1,-1,-1,-1,-1,-1,-1,-1,-1,-1,-1,-1,-1,-1,-1,-1,-1,-1,-1,-1,-1,-1,-1,-1,-1,-1,-1,-1,-1,-1,-1,-1,-1,-1,-1,-1,-1,-1,-1,-1,-1,-1,-1,-1,-1,-1,-1,-1,-1,-1,-1,-1,-1,-1,-1,-1,-0.89,-1,-1,0,-1,-1,-1,-1,-1,-1,-1,-1,-1,-1,-1
Aug_S_2_D_12_so_R1,-1,-1,-1,-1,-1,-1,-1,-1,-1,-1,-1,-1,-1,-1,-1,-1,-1,-1,-1,-1,-1,-1,-1,-1,-1,-1,-1,-1,-1,-1,-1,-1,-1,-1,-1,-1,-1,-1,-1,-1,-1,-1,-1,-1,-1,-1,-1,-1,-1,-1,-1,-1,-1,-1,-1,-1,-1,-1,-1,-1,-1,-1,-1,-1,-1,-1,-1,-1,-1,-1,-1,-1,-1,-1,0,-1,-1,-1,-1,-1,-1,-1,-1,-1,-1
Aug_S_3_S_12_so_R1,-1,0.99,-0.95,-1,-0.76,-1,-1,-1,-0.75,1,1,0.99,1,0.52,-0.8,0.98,-0.96,1,-1,0.95,-1,-1,-0.96,-1,-1,-1,-1,-1,-1,-1,-0.46,-1,-1,-1,-0.98,-1,-0.97,-1,-1,0.17,-0.9,-1,0.6,1,-1,-1,-1,-1,-0.97,-1,-1,-1,-0.97,-0.99,-1,-1,-1,-0.36,-1,-1,0.77,-1,-0.73,1,-0.23,-1,-1,-1,-1,-1,1,-1,-1,-1,-1,0,-0.27,-0.85,1,-1,-1,-0.86,-1,-1,-1
Aug_E_1_S_12_so_R1,1,-0.27,-1,1,1,-1,-0.98,-1,-1,-1,-1,-1,-1,-1,-1,-1,-1,-0.66,-1,-1,-1,-1,-1,-1,-1,-1,-1,-1,-1,-1,1,-1,-1,-1,0.98,-1,-1,0.99,-1,0.27,-1,-1,-1,-1,-1,-1,-1,-1,-1,-1,-1,-1,-1,-1,-1,-1,-1,-1,1,-1,-1,-1,-1,-1,-1,-0.99,-1,-1,-1,-1,-1,-1,-1,-1,-1,-0.27,0,-1,-1,-1,-1,-1,-1,-1,-1
Aug_E_1_M_12_so_R1,1,-0.93,-1,0.96,0.99,-1,-1,-1,-1,-1,-1,-1,-1,-1,-1,-1,-1,0.98,-1,-1,-1,-1,-1,-1,-1,-1,-1,-1,-1,-1,0.91,-1,-1,-1,-0.78,-1,-1,0.24,-1,-0.99,-1,-1,-1,-1,-1,-1,-1,-1,-1,-1,-1,-1,-1,-1,-1,-1,-1,-1,1,-1,-1,-1,-1,-1,-1,-1,-1,-1,-1,-1,-1,-1,-1,-1,-1,-0.85,-1,0,-1,-1,-1,-1,-1,-1,-1
Aug_E_1_D_12_so_R1,1,-1,-1,0.97,-1,-1,-1,-1,-1,-1,-1,-1,-1,-1,-1,-1,-1,0.79,-1,-1,-1,-1,-1,-1,-1,-1,-1,-1,-1,-1,-0.88,-1,-1,-1,-1,-1,-1,-0.9,-1,-1,-1,-1,-1,-1,-1,-1,-1,-1,-1,-1,-1,-1,-1,-1,-1,-1,-1,-1,1,-1,-1,-1,-1,-1,-1,0.84,-1,-1,1,1,-1,-1,-1,-1,-1,1,-1,-1,0,-1,-1,-1,-1,-1,-1
Aug_E_2_S_12_so_R1,1,-1,-1,-0.78,-0.99,-1,-1,-1,-1,-0.99,-1,-1,-1,-1,-1,-1,-1,-0.85,-1,-1,-1,-1,-1,-1,-1,-1,-1,-1,-1,-1,-0.98,-1,-1,-1,-0.96,-1,-1,-1,-1,-0.99,-1,-1,-1,-1,-1,-1,-1,-1,-1,-1,-1,-1,-1,-1,-1,-1,-1,-1,-0.84,-1,-1,-1,-1,-1,-1,-1,-1,-1,-1,-1,-1,-1,-1,-1,-1,-1,-1,-1,-1,0,-1,-1,-1,-1,-1
Aug_E_2_M_12_so_R1,0.93,-1,-1,-1,-1,-1,-1,-1,-1,-0.95,-1,-1,-1,-1,-1,-1,-1,0.85,-1,-1,-1,-1,-1,-1,-1,-1,-1,-1,-1,-1,-1,-1,-1,-1,-1,-1,-1,-1,-1,-1,-1,-1,-1,-0.98,-1,-1,-1,-1,-1,-1,-1,-1,-1,-1,-1,-1,-1,-1,-1,-1,-1,-1,-1,-1,-1,-1,-1,-1,-1,-1,-1,-1,-1,-1,-1,-1,-1,-1,-1,-1,0,-1,-1,-1,-1
Aug_E_2_D_12_so_R1,-0.63,-1,-1,-0.18,-1,-1,-1,-1,-1,-1,-1,-1,-1,-1,-1,-1,-1,-1,-1,-1,-1,-1,-1,-1,-1,-1,-1,-1,-1,-1,-0.99,-1,-1,-1,-1,-1,-1,-1,-1,-1,-1,-1,-1,-1,-1,-1,-1,-1,-1,-1,-1,-1,-1,-1,-1,-1,-1,-1,-0.57,-1,-1,-1,-1,-1,-1,-1,-1,-1,-1,-1,-1,-1,-1,-1,-1,-0.86,-1,-1,-1,-1,-1,0,-1,-1,-1
Aug_E_3_S_12_so_R1,1,-1,-1,-1,-1,-1,-1,-1,-1,-0.76,-1,-1,-1,-1,-1,-1,-1,1,-1,-1,-1,-1,-1,-1,-1,-1,-1,-1,-1,-1,-1,-1,-1,-1,-1,-1,-1,-1,-1,-1,-1,-1,-1,-0.97,-1,-1,-1,-1,-1,-1,-1,-1,-1,-1,-1,-1,-1,-1,0.68,-1,-1,-1,-1,-1,-1,-1,-1,-1,-1,-1,-1,-1,-1,-1,-1,-1,-1,-1,-1,-1,-1,-1,0,-1,-1
Aug_E_3_M_12_so_R2,0.99,-1,-1,-1,-1,-1,-1,-1,-1,-1,-1,-1,-1,-1,-1,-1,-1,0.02,-1,-1,-1,-1,-1,-1,-1,-1,-1,-1,-1,-1,-1,-1,-1,-1,-1,-1,-1,-1,-1,-1,-1,-1,-1,-1,-1,-1,-1,-1,-1,-1,-1,-1,-1,-1,-1,-1,-1,-1,-0.52,-1,-1,-1,-1,-1,-1,-1,-1,-1,-1,-1,-1,-1,-1,-1,-1,-1,-1,-1,-1,-1,-1,-1,-1,0,-1
Aug_E_3_M_12_so_R1,1,-1,-1,-1,-1,-1,-1,-1,-1,-1,-1,-1,-1,-1,-1,-1,-1,0.75,-1,-1,-1,-1,-1,-1,-1,-1,-1,-1,-1,-1,-1,-1,-1,-1,-1,-1,-1,-1,-1,-1,-1,-1,-1,-1,-1,-1,-1,-1,-1,-1,-1,-1,-1,-1,-1,-1,-1,-1,-0.41,-1,-1,-1,-1,-1,-1,-1,-1,-1,-1,-1,-1,-1,-1,-1,-1,-1,-1,-1,-1,-1,-1,-1,-1,-1,0
